Using transformed lab topology from snapshot file netlab.snapshot.pickle
Checking virtualization provider installation
OK: clab installed and working correctly
Starting clab nodes
provider clab: executing flock -E 42 /tmp/netlab.lock sudo -E containerlab deploy --reconfigure -t clab.yml
17:39:42 INFO Containerlab started version=0.75.0
17:39:42 INFO Parsing & checking topology file=clab.yml
17:39:42 INFO Removing directory path=/work/netlab_cicd/clab-ml-17
17:39:42 INFO Creating docker network name=nl_mgmt_17 IPv4 subnet=192.168.128.0/22 IPv6 subnet="" MTU=0
17:39:42 INFO Creating lab directory path=/work/netlab_cicd/clab-ml-17
17:39:42 INFO Creating container name=H4-50
17:39:42 INFO Creating container name=H6-12
17:39:42 INFO Creating container name=H6-11
17:39:42 INFO Creating container name=H2-24
17:39:42 INFO Creating container name=H1-17
17:39:42 INFO Creating container name=H3-04
17:39:42 INFO Creating container name=H5-13
17:39:42 INFO Creating container name=H6-23
17:39:42 INFO Creating container name=H6-48
17:39:42 INFO Creating container name=S2
17:39:42 INFO Creating container name=H4-42
17:39:42 INFO Creating container name=H3-36
17:39:42 INFO Creating container name=L3
17:39:42 INFO Creating container name=H6-33
17:39:42 INFO Creating container name=H6-16
17:39:42 INFO Creating container name=H6-21
17:39:43 INFO Creating container name=H3-09
17:39:43 INFO Creating container name=H4-06
17:39:43 INFO Creating container name=H2-34
17:39:43 INFO Creating container name=H3-28
17:39:43 INFO Creating container name=H5-16
17:39:43 INFO Creating container name=H5-02
17:39:43 INFO Creating container name=H2-28
17:39:44 INFO Creating container name=H1-27
17:39:44 INFO Creating container name=H5-30
17:39:44 INFO Creating container name=H2-07
17:39:45 INFO Creating container name=H1-12
17:39:45 INFO Created link: L3:eth6 ▪┄┄▪ H3-04:eth1
17:39:45 INFO Creating container name=H3-44
17:39:45 INFO Creating container name=H5-03
17:39:45 INFO Creating container name=H3-03
17:39:45 INFO Created link: L3:eth11 ▪┄┄▪ H3-09:eth1
17:39:45 INFO Creating container name=H2-16
17:39:46 INFO Creating container name=H1-38
17:39:46 INFO Created link: L3:eth2 ▪┄┄▪ S2:eth3
17:39:46 INFO Creating container name=H6-32
17:39:47 INFO Creating container name=H2-39
17:39:47 INFO Creating container name=H2-08
17:39:47 INFO Creating container name=H5-21
17:39:48 INFO Creating container name=H3-02
17:39:48 INFO Creating container name=H3-21
17:39:48 INFO Creating container name=H6-22
17:39:48 INFO Creating container name=H2-46
17:39:48 INFO Creating container name=H1-34
17:39:48 INFO Creating container name=H1-41
17:39:49 INFO Created link: L3:eth30 ▪┄┄▪ H3-28:eth1
17:39:49 INFO Creating container name=H5-49
17:39:49 INFO Creating container name=H3-39
17:39:49 INFO Created link: L3:eth5 ▪┄┄▪ H3-03:eth1
17:39:49 INFO Creating container name=H5-48
17:39:50 INFO Creating container name=H6-29
17:39:50 INFO Created link: L3:eth38 ▪┄┄▪ H3-36:eth1
17:39:50 INFO Creating container name=H3-11
17:39:50 INFO Creating container name=H1-43
17:39:51 INFO Creating container name=H2-27
17:39:51 INFO Creating container name=H3-01
17:39:51 INFO Created link: L3:eth4 ▪┄┄▪ H3-02:eth1
17:39:51 INFO Created link: L3:eth46 ▪┄┄▪ H3-44:eth1
17:39:51 INFO Creating container name=H5-12
17:39:51 INFO Creating container name=H6-26
17:39:51 INFO Created link: L3:eth23 ▪┄┄▪ H3-21:eth1
17:39:51 INFO Creating container name=H2-30
17:39:51 INFO Creating container name=H3-48
17:39:51 INFO Creating container name=L6
17:39:52 INFO Creating container name=H5-25
17:39:52 INFO Creating container name=L5
17:39:52 INFO Creating container name=H3-24
17:39:52 INFO Created link: L3:eth41 ▪┄┄▪ H3-39:eth1
17:39:53 INFO Creating container name=H4-23
17:39:53 INFO Creating container name=H6-44
17:39:53 INFO Created link: L3:eth13 ▪┄┄▪ H3-11:eth1
17:39:53 INFO Creating container name=H4-21
17:39:53 INFO Creating container name=H2-32
17:39:53 INFO Creating container name=H6-42
17:39:53 INFO Created link: L3:eth3 ▪┄┄▪ H3-01:eth1
17:39:53 INFO Creating container name=H1-28
17:39:53 INFO Creating container name=H6-25
17:39:53 INFO Creating container name=H4-34
17:39:53 INFO Creating container name=H2-04
17:39:53 INFO Creating container name=H2-50
17:39:54 INFO Created link: L6:eth2 ▪┄┄▪ S2:eth6
17:39:54 INFO Creating container name=H1-36
17:39:54 INFO Created link: L3:eth50 ▪┄┄▪ H3-48:eth1
17:39:54 INFO Creating container name=H6-34
17:39:55 INFO Created link: L3:eth26 ▪┄┄▪ H3-24:eth1
17:39:55 INFO Creating container name=H4-26
17:39:55 INFO Creating container name=H1-11
17:39:55 INFO Creating container name=H4-04
17:39:55 INFO Created link: L5:eth2 ▪┄┄▪ S2:eth5
17:39:55 INFO Creating container name=H1-14
17:39:55 INFO Creating container name=H3-08
17:39:56 INFO Created link: L5:eth4 ▪┄┄▪ H5-02:eth1
17:39:56 INFO Creating container name=H5-36
17:39:56 INFO Creating container name=H6-09
17:39:56 INFO Created link: L5:eth5 ▪┄┄▪ H5-03:eth1
17:39:56 INFO Created link: L6:eth13 ▪┄┄▪ H6-11:eth1
17:39:56 INFO Created link: L6:eth14 ▪┄┄▪ H6-12:eth1
17:39:57 INFO Creating container name=H4-02
17:39:57 INFO Creating container name=H2-33
17:39:57 INFO Created link: L6:eth18 ▪┄┄▪ H6-16:eth1
17:39:57 INFO Creating container name=H1-07
17:39:57 INFO Creating container name=H1-09
17:39:58 INFO Created link: L6:eth23 ▪┄┄▪ H6-21:eth1
17:39:58 INFO Created link: L6:eth24 ▪┄┄▪ H6-22:eth1
17:39:58 INFO Created link: L5:eth14 ▪┄┄▪ H5-12:eth1
17:39:58 INFO Creating container name=H5-44
17:39:58 INFO Created link: L6:eth25 ▪┄┄▪ H6-23:eth1
17:39:58 INFO Created link: L5:eth15 ▪┄┄▪ H5-13:eth1
17:39:59 INFO Creating container name=H3-14
17:39:59 INFO Creating container name=H6-24
17:39:59 INFO Created link: L6:eth27 ▪┄┄▪ H6-25:eth1
17:39:59 INFO Created link: L5:eth18 ▪┄┄▪ H5-16:eth1
17:39:59 INFO Created link: L6:eth28 ▪┄┄▪ H6-26:eth1
17:40:00 INFO Creating container name=H6-38
17:40:00 INFO Created link: L6:eth31 ▪┄┄▪ H6-29:eth1
17:40:00 INFO Creating container name=H3-23
17:40:00 INFO Created link: L5:eth23 ▪┄┄▪ H5-21:eth1
17:40:00 INFO Created link: L6:eth34 ▪┄┄▪ H6-32:eth1
17:40:01 INFO Created link: L5:eth27 ▪┄┄▪ H5-25:eth1
17:40:01 INFO Created link: L6:eth35 ▪┄┄▪ H6-33:eth1
17:40:01 INFO Creating container name=H3-26
17:40:01 INFO Created link: L6:eth36 ▪┄┄▪ H6-34:eth1
17:40:01 INFO Creating container name=H2-06
17:40:01 INFO Created link: L3:eth10 ▪┄┄▪ H3-08:eth1
17:40:01 INFO Creating container name=H2-19
17:40:01 INFO Creating container name=L1
17:40:02 INFO Created link: L5:eth32 ▪┄┄▪ H5-30:eth1
17:40:02 INFO Created link: L6:eth11 ▪┄┄▪ H6-09:eth1
17:40:02 INFO Creating container name=H6-03
17:40:03 INFO Created link: L6:eth44 ▪┄┄▪ H6-42:eth1
17:40:03 INFO Created link: L5:eth38 ▪┄┄▪ H5-36:eth1
17:40:03 INFO Creating container name=H4-46
17:40:03 INFO Created link: L6:eth46 ▪┄┄▪ H6-44:eth1
17:40:03 INFO Creating container name=H5-38
17:40:04 INFO Creating container name=H3-19
17:40:04 INFO Creating container name=H6-18
17:40:04 INFO Creating container name=H2-20
17:40:04 INFO Created link: L6:eth50 ▪┄┄▪ H6-48:eth1
17:40:04 INFO Created link: L5:eth46 ▪┄┄▪ H5-44:eth1
17:40:05 INFO Created link: L3:eth16 ▪┄┄▪ H3-14:eth1
17:40:05 INFO Creating container name=H1-21
17:40:05 INFO Created link: L5:eth50 ▪┄┄▪ H5-48:eth1
17:40:05 INFO Created link: L6:eth40 ▪┄┄▪ H6-38:eth1
17:40:05 INFO Created link: L5:eth51 ▪┄┄▪ H5-49:eth1
17:40:05 INFO Created link: L6:eth26 ▪┄┄▪ H6-24:eth1
17:40:05 INFO Creating container name=H4-19
17:40:05 INFO Creating container name=H5-24
17:40:06 INFO Created link: L3:eth25 ▪┄┄▪ H3-23:eth1
17:40:06 INFO Created link: L3:eth28 ▪┄┄▪ H3-26:eth1
17:40:06 INFO Creating container name=H6-40
17:40:06 INFO Creating container name=H5-22
17:40:06 INFO Creating container name=H5-10
17:40:06 INFO Creating container name=H5-50
17:40:06 INFO Creating container name=H2-49
17:40:06 INFO Creating container name=H1-35
17:40:06 INFO Created link: L1:eth2 ▪┄┄▪ S2:eth1
17:40:06 INFO Creating container name=H2-36
17:40:06 INFO Created link: L6:eth5 ▪┄┄▪ H6-03:eth1
17:40:07 INFO Creating container name=H1-49
17:40:07 INFO Created link: L6:eth20 ▪┄┄▪ H6-18:eth1
17:40:07 INFO Creating container name=H6-20
17:40:07 INFO Created link: L5:eth40 ▪┄┄▪ H5-38:eth1
17:40:07 INFO Creating container name=H4-47
17:40:07 INFO Created link: L1:eth9 ▪┄┄▪ H1-07:eth1
17:40:07 INFO Creating container name=H6-08
17:40:07 INFO Created link: L3:eth21 ▪┄┄▪ H3-19:eth1
17:40:07 INFO Creating container name=H3-25
17:40:08 INFO Creating container name=H4-11
17:40:08 INFO Creating container name=H4-03
17:40:08 INFO Created link: L1:eth11 ▪┄┄▪ H1-09:eth1
17:40:08 INFO Created link: L1:eth13 ▪┄┄▪ H1-11:eth1
17:40:08 INFO Created link: L5:eth24 ▪┄┄▪ H5-22:eth1
17:40:08 INFO Created link: L5:eth26 ▪┄┄▪ H5-24:eth1
17:40:08 INFO Creating container name=H5-07
17:40:08 INFO Created link: L1:eth14 ▪┄┄▪ H1-12:eth1
17:40:08 INFO Creating container name=H2-37
17:40:09 INFO Created link: L1:eth16 ▪┄┄▪ H1-14:eth1
17:40:09 INFO Created link: L6:eth42 ▪┄┄▪ H6-40:eth1
17:40:09 INFO Creating container name=H5-46
17:40:09 INFO Created link: L5:eth12 ▪┄┄▪ H5-10:eth1
17:40:09 INFO Creating container name=H2-47
17:40:09 INFO Created link: L1:eth19 ▪┄┄▪ H1-17:eth1
17:40:09 INFO Creating container name=H3-43
17:40:10 INFO Created link: L5:eth52 ▪┄┄▪ H5-50:eth1
17:40:10 INFO Created link: L1:eth23 ▪┄┄▪ H1-21:eth1
17:40:10 INFO Creating container name=H2-10
17:40:10 INFO Creating container name=H1-30
17:40:10 INFO Creating container name=H2-12
17:40:10 INFO Created link: L6:eth22 ▪┄┄▪ H6-20:eth1
17:40:10 INFO Creating container name=H1-22
17:40:11 INFO Creating container name=H1-46
17:40:11 INFO Created link: L1:eth29 ▪┄┄▪ H1-27:eth1
17:40:11 INFO Creating container name=H4-22
17:40:11 INFO Created link: L1:eth30 ▪┄┄▪ H1-28:eth1
17:40:11 INFO Created link: L3:eth27 ▪┄┄▪ H3-25:eth1
17:40:11 INFO Creating container name=H1-13
17:40:11 INFO Created link: L6:eth10 ▪┄┄▪ H6-08:eth1
17:40:11 INFO Creating container name=H6-04
17:40:12 INFO Creating container name=H5-39
17:40:12 INFO Created link: L5:eth9 ▪┄┄▪ H5-07:eth1
17:40:12 INFO Creating container name=H5-20
17:40:12 INFO Created link: L1:eth36 ▪┄┄▪ H1-34:eth1
17:40:12 INFO Created link: L1:eth37 ▪┄┄▪ H1-35:eth1
17:40:12 INFO Creating container name=H1-02
17:40:12 INFO Created link: L1:eth38 ▪┄┄▪ H1-36:eth1
17:40:12 INFO Created link: L1:eth40 ▪┄┄▪ H1-38:eth1
17:40:12 INFO Created link: L5:eth48 ▪┄┄▪ H5-46:eth1
17:40:12 INFO Creating container name=H4-16
17:40:12 INFO Creating container name=H3-06
17:40:12 INFO Creating container name=H4-12
17:40:13 INFO Created link: L3:eth45 ▪┄┄▪ H3-43:eth1
17:40:13 INFO Created link: L1:eth43 ▪┄┄▪ H1-41:eth1
17:40:13 INFO Creating container name=H1-23
17:40:13 INFO Created link: L1:eth32 ▪┄┄▪ H1-30:eth1
17:40:13 INFO Creating container name=H1-19
17:40:13 INFO Creating container name=H4-38
17:40:13 INFO Created link: L1:eth45 ▪┄┄▪ H1-43:eth1
17:40:14 INFO Creating container name=H2-42
17:40:14 INFO Creating container name=H5-31
17:40:14 INFO Created link: L1:eth15 ▪┄┄▪ H1-13:eth1
17:40:14 INFO Created link: L1:eth48 ▪┄┄▪ H1-46:eth1
17:40:14 INFO Creating container name=H2-29
17:40:14 INFO Creating container name=H6-27
17:40:14 INFO Created link: L1:eth24 ▪┄┄▪ H1-22:eth1
17:40:15 INFO Created link: L6:eth6 ▪┄┄▪ H6-04:eth1
17:40:15 INFO Creating container name=H6-31
17:40:15 INFO Creating container name=H5-23
17:40:15 INFO Created link: L1:eth51 ▪┄┄▪ H1-49:eth1
17:40:15 INFO Created link: L5:eth22 ▪┄┄▪ H5-20:eth1
17:40:15 INFO Creating container name=H4-20
17:40:15 INFO Created link: L5:eth41 ▪┄┄▪ H5-39:eth1
17:40:15 INFO Creating container name=H5-05
17:40:15 INFO Creating container name=H3-37
17:40:15 INFO Created link: L1:eth4 ▪┄┄▪ H1-02:eth1
17:40:15 INFO Creating container name=H5-15
17:40:15 INFO Creating container name=H6-49
17:40:15 INFO Created link: L3:eth8 ▪┄┄▪ H3-06:eth1
17:40:15 INFO Creating container name=H1-40
17:40:16 INFO Created link: L1:eth21 ▪┄┄▪ H1-19:eth1
17:40:16 INFO Creating container name=H2-03
17:40:16 INFO Creating container name=H4-40
17:40:16 INFO Creating container name=H2-23
17:40:16 INFO Created link: L1:eth25 ▪┄┄▪ H1-23:eth1
17:40:16 INFO Creating container name=H4-08
17:40:16 INFO Created link: L5:eth33 ▪┄┄▪ H5-31:eth1
17:40:16 INFO Creating container name=H3-49
17:40:17 INFO Creating container name=H5-32
17:40:17 INFO Creating container name=H4-14
17:40:17 INFO Created link: L6:eth29 ▪┄┄▪ H6-27:eth1
17:40:17 INFO Creating container name=H5-08
17:40:17 INFO Created link: L5:eth25 ▪┄┄▪ H5-23:eth1
17:40:17 INFO Creating container name=L4
17:40:17 INFO Created link: L6:eth33 ▪┄┄▪ H6-31:eth1
17:40:17 INFO Creating container name=H1-18
17:40:17 INFO Created link: L5:eth17 ▪┄┄▪ H5-15:eth1
17:40:17 INFO Creating container name=H3-32
17:40:17 INFO Created link: L5:eth7 ▪┄┄▪ H5-05:eth1
17:40:17 INFO Creating container name=H6-30
17:40:18 INFO Created link: L3:eth39 ▪┄┄▪ H3-37:eth1
17:40:18 INFO Creating container name=H4-39
17:40:18 INFO Creating container name=H1-26
17:40:18 INFO Created link: L6:eth51 ▪┄┄▪ H6-49:eth1
17:40:18 INFO Created link: L1:eth42 ▪┄┄▪ H1-40:eth1
17:40:18 INFO Creating container name=H4-10
17:40:18 INFO Creating container name=H3-34
17:40:18 INFO Creating container name=H3-50
17:40:18 INFO Creating container name=H6-07
17:40:19 INFO Creating container name=S1
17:40:19 INFO Creating container name=H5-27
17:40:19 INFO Created link: L3:eth51 ▪┄┄▪ H3-49:eth1
17:40:19 INFO Creating container name=H5-40
17:40:19 INFO Creating container name=H4-33
17:40:19 INFO Created link: L5:eth34 ▪┄┄▪ H5-32:eth1
17:40:19 INFO Creating container name=H1-37
17:40:19 INFO Created link: L5:eth10 ▪┄┄▪ H5-08:eth1
17:40:19 INFO Creating container name=H2-18
17:40:19 INFO Created link: L1:eth20 ▪┄┄▪ H1-18:eth1
17:40:19 INFO Creating container name=H4-43
17:40:20 INFO Created link: L3:eth34 ▪┄┄▪ H3-32:eth1
17:40:20 INFO Creating container name=H2-01
17:40:20 INFO Created link: L4:eth2 ▪┄┄▪ S2:eth4
17:40:20 INFO Created link: L4:eth4 ▪┄┄▪ H4-02:eth1
17:40:20 INFO Created link: L4:eth5 ▪┄┄▪ H4-03:eth1
17:40:20 INFO Created link: L4:eth6 ▪┄┄▪ H4-04:eth1
17:40:20 INFO Created link: L4:eth8 ▪┄┄▪ H4-06:eth1
17:40:20 INFO Created link: L6:eth32 ▪┄┄▪ H6-30:eth1
17:40:20 INFO Creating container name=H1-10
17:40:20 INFO Creating container name=H1-03
17:40:21 INFO Created link: L1:eth28 ▪┄┄▪ H1-26:eth1
17:40:21 INFO Creating container name=H1-15
17:40:21 INFO Creating container name=H4-48
17:40:21 INFO Created link: L3:eth36 ▪┄┄▪ H3-34:eth1
17:40:21 INFO Creating container name=H5-42
17:40:21 INFO Created link: L4:eth10 ▪┄┄▪ H4-08:eth1
17:40:21 INFO Created link: L4:eth12 ▪┄┄▪ H4-10:eth1
17:40:21 INFO Created link: L4:eth13 ▪┄┄▪ H4-11:eth1
17:40:21 INFO Created link: L6:eth9 ▪┄┄▪ H6-07:eth1
17:40:21 INFO Creating container name=H3-29
17:40:21 INFO Created link: L4:eth14 ▪┄┄▪ H4-12:eth1
17:40:22 INFO Created link: L3:eth52 ▪┄┄▪ H3-50:eth1
17:40:22 INFO Creating container name=H2-26
17:40:22 INFO Created link: L4:eth16 ▪┄┄▪ H4-14:eth1
17:40:22 INFO Created link: L4:eth18 ▪┄┄▪ H4-16:eth1
17:40:22 INFO Created link: L1:eth1 ▪┄┄▪ S1:eth1
17:40:23 INFO Created link: L5:eth42 ▪┄┄▪ H5-40:eth1
17:40:23 INFO Creating container name=H5-47
17:40:23 INFO Created link: L5:eth29 ▪┄┄▪ H5-27:eth1
17:40:23 INFO Creating container name=H3-27
17:40:23 INFO Creating container name=H3-07
17:40:23 INFO Created link: L3:eth1 ▪┄┄▪ S1:eth3
17:40:23 INFO Created link: L4:eth1 ▪┄┄▪ S1:eth4
17:40:23 INFO Created link: L4:eth21 ▪┄┄▪ H4-19:eth1
17:40:23 INFO Created link: L5:eth1 ▪┄┄▪ S1:eth5
17:40:23 INFO Created link: L4:eth22 ▪┄┄▪ H4-20:eth1
17:40:23 INFO Created link: L6:eth1 ▪┄┄▪ S1:eth6
17:40:23 INFO Created link: L4:eth23 ▪┄┄▪ H4-21:eth1
17:40:23 INFO Creating container name=H4-41
17:40:23 INFO Created link: L4:eth24 ▪┄┄▪ H4-22:eth1
17:40:23 INFO Created link: L4:eth25 ▪┄┄▪ H4-23:eth1
17:40:23 INFO Created link: L1:eth39 ▪┄┄▪ H1-37:eth1
17:40:23 INFO Creating container name=H6-19
17:40:24 INFO Creating container name=H4-24
17:40:24 INFO Creating container name=H6-37
17:40:24 INFO Creating container name=H2-35
17:40:24 INFO Created link: L4:eth28 ▪┄┄▪ H4-26:eth1
17:40:24 INFO Created link: L1:eth17 ▪┄┄▪ H1-15:eth1
17:40:24 INFO Creating container name=H1-06
17:40:25 INFO Created link: L1:eth5 ▪┄┄▪ H1-03:eth1
17:40:25 INFO Creating container name=H4-32
17:40:25 INFO Created link: L1:eth12 ▪┄┄▪ H1-10:eth1
17:40:25 INFO Created link: L5:eth44 ▪┄┄▪ H5-42:eth1
17:40:25 INFO Creating container name=H1-04
17:40:25 INFO Creating container name=H2-17
17:40:25 INFO Creating container name=L2
17:40:25 INFO Created link: L3:eth31 ▪┄┄▪ H3-29:eth1
17:40:25 INFO Creating container name=H4-07
17:40:25 INFO Creating container name=H6-47
17:40:26 INFO Created link: L4:eth35 ▪┄┄▪ H4-33:eth1
17:40:26 INFO Created link: L4:eth36 ▪┄┄▪ H4-34:eth1
17:40:26 INFO Created link: L4:eth40 ▪┄┄▪ H4-38:eth1
17:40:26 INFO Created link: L3:eth29 ▪┄┄▪ H3-27:eth1
17:40:26 INFO Created link: L3:eth9 ▪┄┄▪ H3-07:eth1
17:40:26 INFO Creating container name=H4-27
17:40:26 INFO Creating container name=H5-11
17:40:26 INFO Created link: L4:eth41 ▪┄┄▪ H4-39:eth1
17:40:26 INFO Created link: L5:eth49 ▪┄┄▪ H5-47:eth1
17:40:26 INFO Creating container name=H5-41
17:40:27 INFO Creating container name=H1-16
17:40:27 INFO Created link: L4:eth42 ▪┄┄▪ H4-40:eth1
17:40:27 INFO Created link: L4:eth43 ▪┄┄▪ H4-41:eth1
17:40:27 INFO Created link: L4:eth44 ▪┄┄▪ H4-42:eth1
17:40:27 INFO Created link: L4:eth26 ▪┄┄▪ H4-24:eth1
17:40:27 INFO Creating container name=H3-41
17:40:27 INFO Created link: L4:eth45 ▪┄┄▪ H4-43:eth1
17:40:27 INFO Created link: L6:eth21 ▪┄┄▪ H6-19:eth1
17:40:27 INFO Creating container name=H1-44
17:40:27 INFO Created link: L4:eth48 ▪┄┄▪ H4-46:eth1
17:40:27 INFO Created link: L4:eth49 ▪┄┄▪ H4-47:eth1
17:40:28 INFO Creating container name=H2-14
17:40:28 INFO Created link: L4:eth50 ▪┄┄▪ H4-48:eth1
17:40:28 INFO Created link: L6:eth39 ▪┄┄▪ H6-37:eth1
17:40:28 INFO Creating container name=H3-38
17:40:28 INFO Created link: L4:eth52 ▪┄┄▪ H4-50:eth1
17:40:28 INFO Created link: L1:eth8 ▪┄┄▪ H1-06:eth1
17:40:28 INFO Creating container name=H4-13
17:40:28 INFO Created link: L4:eth34 ▪┄┄▪ H4-32:eth1
17:40:28 INFO Creating container name=H2-38
17:40:29 INFO Created link: L2:eth1 ▪┄┄▪ S1:eth2
17:40:29 INFO Creating container name=H6-17
17:40:29 INFO Created link: L2:eth2 ▪┄┄▪ S2:eth2
17:40:29 INFO Created link: L2:eth3 ▪┄┄▪ H2-01:eth1
17:40:29 INFO Created link: L4:eth9 ▪┄┄▪ H4-07:eth1
17:40:29 INFO Creating container name=H6-35
17:40:29 INFO Creating container name=H5-28
17:40:29 INFO Created link: L6:eth49 ▪┄┄▪ H6-47:eth1
17:40:29 INFO Created link: L1:eth6 ▪┄┄▪ H1-04:eth1
17:40:29 INFO Creating container name=H6-41
17:40:29 INFO Creating container name=H5-06
17:40:29 INFO Created link: L4:eth29 ▪┄┄▪ H4-27:eth1
17:40:29 INFO Creating container name=H6-50
17:40:29 INFO Created link: L2:eth5 ▪┄┄▪ H2-03:eth1
17:40:30 INFO Created link: L5:eth43 ▪┄┄▪ H5-41:eth1
17:40:30 INFO Creating container name=H6-05
17:40:30 INFO Created link: L2:eth6 ▪┄┄▪ H2-04:eth1
17:40:30 INFO Created link: L5:eth13 ▪┄┄▪ H5-11:eth1
17:40:30 INFO Creating container name=H3-17
17:40:30 INFO Created link: L2:eth8 ▪┄┄▪ H2-06:eth1
17:40:30 INFO Created link: L1:eth18 ▪┄┄▪ H1-16:eth1
17:40:30 INFO Created link: L2:eth9 ▪┄┄▪ H2-07:eth1
17:40:30 INFO Creating container name=H5-35
17:40:30 INFO Created link: L2:eth10 ▪┄┄▪ H2-08:eth1
17:40:30 INFO Created link: L3:eth43 ▪┄┄▪ H3-41:eth1
17:40:30 INFO Creating container name=H6-06
17:40:30 INFO Created link: L2:eth12 ▪┄┄▪ H2-10:eth1
17:40:31 INFO Created link: L1:eth46 ▪┄┄▪ H1-44:eth1
17:40:31 INFO Creating container name=H4-17
17:40:31 INFO Created link: L2:eth14 ▪┄┄▪ H2-12:eth1
17:40:31 INFO Created link: L2:eth16 ▪┄┄▪ H2-14:eth1
17:40:31 INFO Creating container name=H3-35
17:40:31 INFO Created link: L4:eth15 ▪┄┄▪ H4-13:eth1
17:40:31 INFO Creating container name=H1-39
17:40:31 INFO Created link: L6:eth19 ▪┄┄▪ H6-17:eth1
17:40:32 INFO Creating container name=H3-33
17:40:32 INFO Created link: L3:eth40 ▪┄┄▪ H3-38:eth1
17:40:32 INFO Creating container name=H4-37
17:40:32 INFO Created link: L2:eth18 ▪┄┄▪ H2-16:eth1
17:40:32 INFO Created link: L2:eth19 ▪┄┄▪ H2-17:eth1
17:40:32 INFO Creating container name=H2-45
17:40:32 INFO Created link: L2:eth20 ▪┄┄▪ H2-18:eth1
17:40:32 INFO Created link: L6:eth37 ▪┄┄▪ H6-35:eth1
17:40:32 INFO Creating container name=H3-12
17:40:32 INFO Created link: L2:eth21 ▪┄┄▪ H2-19:eth1
17:40:32 INFO Created link: L5:eth8 ▪┄┄▪ H5-06:eth1
17:40:32 INFO Creating container name=H4-28
17:40:32 INFO Created link: L5:eth30 ▪┄┄▪ H5-28:eth1
17:40:32 INFO Creating container name=H4-36
17:40:33 INFO Created link: L2:eth22 ▪┄┄▪ H2-20:eth1
17:40:33 INFO Created link: L6:eth43 ▪┄┄▪ H6-41:eth1
17:40:33 INFO Creating container name=H2-09
17:40:33 INFO Created link: L2:eth25 ▪┄┄▪ H2-23:eth1
17:40:33 INFO Created link: L6:eth52 ▪┄┄▪ H6-50:eth1
17:40:33 INFO Creating container name=H2-13
17:40:33 INFO Created link: L2:eth26 ▪┄┄▪ H2-24:eth1
17:40:33 INFO Created link: L6:eth8 ▪┄┄▪ H6-06:eth1
17:40:33 INFO Creating container name=H6-15
17:40:34 INFO Created link: L5:eth37 ▪┄┄▪ H5-35:eth1
17:40:34 INFO Creating container name=H1-25
17:40:34 INFO Created link: L2:eth28 ▪┄┄▪ H2-26:eth1
17:40:34 INFO Created link: L4:eth19 ▪┄┄▪ H4-17:eth1
17:40:34 INFO Created link: L6:eth7 ▪┄┄▪ H6-05:eth1
17:40:34 INFO Creating container name=H5-26
17:40:34 INFO Creating container name=H3-45
17:40:34 INFO Created link: L1:eth41 ▪┄┄▪ H1-39:eth1
17:40:34 INFO Creating container name=H5-01
17:40:34 INFO Created link: L3:eth19 ▪┄┄▪ H3-17:eth1
17:40:34 INFO Created link: L2:eth29 ▪┄┄▪ H2-27:eth1
17:40:34 INFO Creating container name=H4-31
17:40:34 INFO Created link: L2:eth30 ▪┄┄▪ H2-28:eth1
17:40:35 INFO Created link: L3:eth37 ▪┄┄▪ H3-35:eth1
17:40:35 INFO Creating container name=H4-09
17:40:35 INFO Created link: L2:eth31 ▪┄┄▪ H2-29:eth1
17:40:35 INFO Created link: L4:eth39 ▪┄┄▪ H4-37:eth1
17:40:35 INFO Creating container name=H1-20
17:40:35 INFO Created link: L2:eth32 ▪┄┄▪ H2-30:eth1
17:40:35 INFO Created link: L3:eth35 ▪┄┄▪ H3-33:eth1
17:40:35 INFO Creating container name=H3-13
17:40:35 INFO Created link: L2:eth34 ▪┄┄▪ H2-32:eth1
17:40:35 INFO Creating container name=H2-48
17:40:35 INFO Created link: L2:eth35 ▪┄┄▪ H2-33:eth1
17:40:35 INFO Created link: L3:eth14 ▪┄┄▪ H3-12:eth1
17:40:35 INFO Creating container name=H6-02
17:40:36 INFO Created link: L2:eth36 ▪┄┄▪ H2-34:eth1
17:40:36 INFO Created link: L2:eth37 ▪┄┄▪ H2-35:eth1
17:40:36 INFO Created link: L4:eth38 ▪┄┄▪ H4-36:eth1
17:40:36 INFO Created link: L4:eth30 ▪┄┄▪ H4-28:eth1
17:40:36 INFO Created link: L2:eth38 ▪┄┄▪ H2-36:eth1
17:40:36 INFO Creating container name=H6-39
17:40:36 INFO Creating container name=H1-01
17:40:36 INFO Created link: L2:eth39 ▪┄┄▪ H2-37:eth1
17:40:36 INFO Created link: L2:eth40 ▪┄┄▪ H2-38:eth1
17:40:36 INFO Created link: L2:eth41 ▪┄┄▪ H2-39:eth1
17:40:37 INFO Created link: L2:eth44 ▪┄┄▪ H2-42:eth1
17:40:37 INFO Created link: L2:eth11 ▪┄┄▪ H2-09:eth1
17:40:37 INFO Created link: L2:eth15 ▪┄┄▪ H2-13:eth1
17:40:37 INFO Creating container name=H3-18
17:40:37 INFO Created link: L1:eth27 ▪┄┄▪ H1-25:eth1
17:40:37 INFO Creating container name=H5-43
17:40:37 INFO Created link: L6:eth17 ▪┄┄▪ H6-15:eth1
17:40:37 INFO Creating container name=H3-47
17:40:37 INFO Creating container name=H6-46
17:40:37 INFO Created link: L2:eth47 ▪┄┄▪ H2-45:eth1
17:40:37 INFO Created link: L2:eth48 ▪┄┄▪ H2-46:eth1
17:40:38 INFO Created link: L4:eth33 ▪┄┄▪ H4-31:eth1
17:40:38 INFO Creating container name=H2-31
17:40:38 INFO Created link: L2:eth49 ▪┄┄▪ H2-47:eth1
17:40:38 INFO Created link: L5:eth28 ▪┄┄▪ H5-26:eth1
17:40:38 INFO Creating container name=H1-05
17:40:38 INFO Created link: L2:eth51 ▪┄┄▪ H2-49:eth1
17:40:38 INFO Created link: L3:eth47 ▪┄┄▪ H3-45:eth1
17:40:38 INFO Creating container name=H2-22
17:40:38 INFO Created link: L2:eth52 ▪┄┄▪ H2-50:eth1
17:40:38 INFO Created link: L1:eth22 ▪┄┄▪ H1-20:eth1
17:40:38 INFO Created link: L5:eth3 ▪┄┄▪ H5-01:eth1
17:40:38 INFO Creating container name=H5-34
17:40:38 INFO Creating container name=H1-48
17:40:38 INFO Created link: L4:eth11 ▪┄┄▪ H4-09:eth1
17:40:39 INFO Creating container name=H2-15
17:40:39 INFO Created link: L3:eth15 ▪┄┄▪ H3-13:eth1
17:40:39 INFO Created link: L6:eth4 ▪┄┄▪ H6-02:eth1
17:40:39 INFO Creating container name=H2-43
17:40:39 INFO Creating container name=H1-33
17:40:39 INFO Created link: L2:eth50 ▪┄┄▪ H2-48:eth1
17:40:39 INFO Creating container name=H3-46
17:40:39 INFO Created link: L5:eth45 ▪┄┄▪ H5-43:eth1
17:40:39 INFO Creating container name=H2-25
17:40:39 INFO Creating container name=H2-11
17:40:39 INFO Created link: L6:eth41 ▪┄┄▪ H6-39:eth1
17:40:39 INFO Creating container name=H5-04
17:40:39 INFO Created link: L3:eth20 ▪┄┄▪ H3-18:eth1
17:40:39 INFO Creating container name=H2-21
17:40:39 INFO Created link: L1:eth3 ▪┄┄▪ H1-01:eth1
17:40:40 INFO Creating container name=H2-02
17:40:40 INFO Created link: L3:eth49 ▪┄┄▪ H3-47:eth1
17:40:40 INFO Creating container name=H4-25
17:40:40 INFO Created link: L6:eth48 ▪┄┄▪ H6-46:eth1
17:40:40 INFO Creating container name=H5-09
17:40:40 INFO Created link: L1:eth7 ▪┄┄▪ H1-05:eth1
17:40:40 INFO Creating container name=H1-31
17:40:40 INFO Created link: L2:eth33 ▪┄┄▪ H2-31:eth1
17:40:40 INFO Creating container name=H6-45
17:40:40 INFO Created link: L2:eth24 ▪┄┄▪ H2-22:eth1
17:40:40 INFO Creating container name=H2-40
17:40:40 INFO Created link: L1:eth50 ▪┄┄▪ H1-48:eth1
17:40:40 INFO Creating container name=H1-24
17:40:40 INFO Created link: L5:eth36 ▪┄┄▪ H5-34:eth1
17:40:40 INFO Creating container name=H5-33
17:40:41 INFO Created link: L2:eth17 ▪┄┄▪ H2-15:eth1
17:40:41 INFO Creating container name=H3-31
17:40:41 INFO Created link: L2:eth45 ▪┄┄▪ H2-43:eth1
17:40:41 INFO Creating container name=H6-10
17:40:41 INFO Created link: L1:eth35 ▪┄┄▪ H1-33:eth1
17:40:41 INFO Creating container name=H1-50
17:40:41 INFO Created link: L3:eth48 ▪┄┄▪ H3-46:eth1
17:40:41 INFO Created link: L2:eth13 ▪┄┄▪ H2-11:eth1
17:40:41 INFO Creating container name=H1-47
17:40:41 INFO Creating container name=H1-45
17:40:41 INFO Created link: L2:eth27 ▪┄┄▪ H2-25:eth1
17:40:41 INFO Creating container name=H4-35
17:40:41 INFO Created link: L4:eth27 ▪┄┄▪ H4-25:eth1
17:40:41 INFO Creating container name=H4-29
17:40:42 INFO Created link: L5:eth6 ▪┄┄▪ H5-04:eth1
17:40:42 INFO Creating container name=H3-15
17:40:42 INFO Created link: L5:eth11 ▪┄┄▪ H5-09:eth1
17:40:42 INFO Created link: L2:eth4 ▪┄┄▪ H2-02:eth1
17:40:42 INFO Creating container name=H5-29
17:40:42 INFO Created link: L2:eth23 ▪┄┄▪ H2-21:eth1
17:40:42 INFO Creating container name=H1-42
17:40:42 INFO Creating container name=H6-13
17:40:42 INFO Created link: L1:eth33 ▪┄┄▪ H1-31:eth1
17:40:42 INFO Creating container name=H5-18
17:40:42 INFO Created link: L6:eth47 ▪┄┄▪ H6-45:eth1
17:40:42 INFO Creating container name=H3-05
17:40:43 INFO Created link: L2:eth42 ▪┄┄▪ H2-40:eth1
17:40:43 INFO Created link: L1:eth26 ▪┄┄▪ H1-24:eth1
17:40:43 INFO Creating container name=H3-16
17:40:43 INFO Creating container name=H6-14
17:40:43 INFO Created link: L1:eth49 ▪┄┄▪ H1-47:eth1
17:40:43 INFO Creating container name=H6-28
17:40:43 INFO Created link: L5:eth35 ▪┄┄▪ H5-33:eth1
17:40:43 INFO Creating container name=H5-37
17:40:43 INFO Created link: L6:eth12 ▪┄┄▪ H6-10:eth1
17:40:43 INFO Created link: L1:eth47 ▪┄┄▪ H1-45:eth1
17:40:43 INFO Creating container name=H4-01
17:40:43 INFO Created link: L1:eth52 ▪┄┄▪ H1-50:eth1
17:40:43 INFO Creating container name=H4-30
17:40:43 INFO Created link: L3:eth33 ▪┄┄▪ H3-31:eth1
17:40:43 INFO Creating container name=H6-43
17:40:43 INFO Creating container name=H6-01
17:40:44 INFO Created link: L6:eth15 ▪┄┄▪ H6-13:eth1
17:40:44 INFO Created link: L4:eth31 ▪┄┄▪ H4-29:eth1
17:40:44 INFO Creating container name=H2-44
17:40:44 INFO Creating container name=H5-45
17:40:44 INFO Created link: L5:eth31 ▪┄┄▪ H5-29:eth1
17:40:44 INFO Created link: L3:eth17 ▪┄┄▪ H3-15:eth1
17:40:44 INFO Created link: L4:eth37 ▪┄┄▪ H4-35:eth1
17:40:44 INFO Creating container name=H4-18
17:40:44 INFO Creating container name=H4-15
17:40:44 INFO Created link: L3:eth7 ▪┄┄▪ H3-05:eth1
17:40:44 INFO Creating container name=H6-36
17:40:44 INFO Creating container name=H3-22
17:40:44 INFO Created link: L1:eth44 ▪┄┄▪ H1-42:eth1
17:40:45 INFO Created link: L5:eth20 ▪┄┄▪ H5-18:eth1
17:40:45 INFO Creating container name=H5-14
17:40:45 INFO Creating container name=H2-41
17:40:45 INFO Created link: L4:eth3 ▪┄┄▪ H4-01:eth1
17:40:45 INFO Creating container name=H3-42
17:40:45 INFO Created link: L3:eth18 ▪┄┄▪ H3-16:eth1
17:40:45 INFO Creating container name=H4-05
17:40:45 INFO Created link: L6:eth16 ▪┄┄▪ H6-14:eth1
17:40:45 INFO Creating container name=H4-44
17:40:45 INFO Created link: L4:eth32 ▪┄┄▪ H4-30:eth1
17:40:45 INFO Creating container name=H4-45
17:40:45 INFO Created link: L6:eth30 ▪┄┄▪ H6-28:eth1
17:40:45 INFO Creating container name=H1-29
17:40:45 INFO Created link: L5:eth39 ▪┄┄▪ H5-37:eth1
17:40:45 INFO Creating container name=H5-17
17:40:46 INFO Created link: L6:eth45 ▪┄┄▪ H6-43:eth1
17:40:46 INFO Created link: L6:eth3 ▪┄┄▪ H6-01:eth1
17:40:46 INFO Creating container name=H1-08
17:40:46 INFO Creating container name=H1-32
17:40:46 INFO Created link: L5:eth47 ▪┄┄▪ H5-45:eth1
17:40:46 INFO Creating container name=H4-49
17:40:46 INFO Created link: L2:eth46 ▪┄┄▪ H2-44:eth1
17:40:46 INFO Creating container name=H3-20
17:40:46 INFO Created link: L4:eth20 ▪┄┄▪ H4-18:eth1
17:40:46 INFO Created link: L6:eth38 ▪┄┄▪ H6-36:eth1
17:40:46 INFO Creating container name=H2-05
17:40:46 INFO Creating container name=H3-30
17:40:47 INFO Created link: L3:eth24 ▪┄┄▪ H3-22:eth1
17:40:47 INFO Created link: L4:eth17 ▪┄┄▪ H4-15:eth1
17:40:47 INFO Creating container name=H5-19
17:40:47 INFO Creating container name=H3-10
17:40:47 INFO Created link: L4:eth7 ▪┄┄▪ H4-05:eth1
17:40:47 INFO Created link: L2:eth43 ▪┄┄▪ H2-41:eth1
17:40:47 INFO Creating container name=H3-40
17:40:47 INFO Created link: L5:eth16 ▪┄┄▪ H5-14:eth1
17:40:47 INFO Created link: L3:eth44 ▪┄┄▪ H3-42:eth1
17:40:47 INFO Created link: L4:eth46 ▪┄┄▪ H4-44:eth1
17:40:48 INFO Created link: L4:eth47 ▪┄┄▪ H4-45:eth1
17:40:48 INFO Created link: L1:eth31 ▪┄┄▪ H1-29:eth1
17:40:48 INFO Created link: L5:eth19 ▪┄┄▪ H5-17:eth1
17:40:48 INFO Created link: L1:eth10 ▪┄┄▪ H1-08:eth1
17:40:48 INFO Created link: L3:eth32 ▪┄┄▪ H3-30:eth1
17:40:48 INFO Created link: L4:eth51 ▪┄┄▪ H4-49:eth1
17:40:48 INFO Created link: L5:eth21 ▪┄┄▪ H5-19:eth1
17:40:49 INFO Created link: L3:eth22 ▪┄┄▪ H3-20:eth1
17:40:49 INFO Created link: L2:eth7 ▪┄┄▪ H2-05:eth1
17:40:49 INFO Created link: L1:eth34 ▪┄┄▪ H1-32:eth1
17:40:49 INFO Created link: L3:eth12 ▪┄┄▪ H3-10:eth1
17:40:49 INFO Created link: L3:eth42 ▪┄┄▪ H3-40:eth1
17:40:49 INFO Executed command node=L2 command="sleep 1" stdout=""
17:40:49 INFO Executed command node=S2 command="sleep 1" stdout=""
17:40:49 INFO Executed command node=L3 command="sleep 1" stdout=""
17:40:49 INFO Executed command node=L6 command="sleep 1" stdout=""
17:40:49 INFO Executed command node=L5 command="sleep 1" stdout=""
17:40:49 INFO Executed command node=L1 command="sleep 1" stdout=""
17:40:49 INFO Executed command node=S1 command="sleep 1" stdout=""
17:40:49 INFO Executed command node=L4 command="sleep 1" stdout=""
17:40:50 INFO Adding host entries path=/etc/hosts
17:40:52 INFO Adding SSH config for nodes path=/etc/ssh/ssh_config.d/clab-ml-17.conf
[1m╭[0m[1m──────────────────[0m[1m┬[0m[1m──────────────────────────────[0m[1m┬[0m[1m─────────[0m[1m┬[0m[1m─────────────────[0m[1m╮[0m
[1m│[0m[1m       Name       [0m[1m│[0m[1m          Kind/Image          [0m[1m│[0m[1m  State  [0m[1m│[0m[1m  IPv4/6 Address [0m[1m│[0m
[1m├[0m[1m──────────────────[0m[1m┼[0m[1m──────────────────────────────[0m[1m┼[0m[1m─────────[0m[1m┼[0m[1m─────────────────[0m[1m┤[0m
│ clab-ml-17-H1-01 │ linux                        │ running │ 192.168.128.109 │
│                  │ busybox:latest               │         │ N/A             │
├──────────────────┼──────────────────────────────┼─────────┼─────────────────┤
│ clab-ml-17-H1-02 │ linux                        │ running │ 192.168.128.110 │
│                  │ busybox:latest               │         │ N/A             │
├──────────────────┼──────────────────────────────┼─────────┼─────────────────┤
│ clab-ml-17-H1-03 │ linux                        │ running │ 192.168.128.111 │
│                  │ busybox:latest               │         │ N/A             │
├──────────────────┼──────────────────────────────┼─────────┼─────────────────┤
│ clab-ml-17-H1-04 │ linux                        │ running │ 192.168.128.112 │
│                  │ busybox:latest               │         │ N/A             │
├──────────────────┼──────────────────────────────┼─────────┼─────────────────┤
│ clab-ml-17-H1-05 │ linux                        │ running │ 192.168.128.113 │
│                  │ busybox:latest               │         │ N/A             │
├──────────────────┼──────────────────────────────┼─────────┼─────────────────┤
│ clab-ml-17-H1-06 │ linux                        │ running │ 192.168.128.114 │
│                  │ busybox:latest               │         │ N/A             │
├──────────────────┼──────────────────────────────┼─────────┼─────────────────┤
│ clab-ml-17-H1-07 │ linux                        │ running │ 192.168.128.115 │
│                  │ busybox:latest               │         │ N/A             │
├──────────────────┼──────────────────────────────┼─────────┼─────────────────┤
│ clab-ml-17-H1-08 │ linux                        │ running │ 192.168.128.116 │
│                  │ busybox:latest               │         │ N/A             │
├──────────────────┼──────────────────────────────┼─────────┼─────────────────┤
│ clab-ml-17-H1-09 │ linux                        │ running │ 192.168.128.117 │
│                  │ busybox:latest               │         │ N/A             │
├──────────────────┼──────────────────────────────┼─────────┼─────────────────┤
│ clab-ml-17-H1-10 │ linux                        │ running │ 192.168.128.118 │
│                  │ busybox:latest               │         │ N/A             │
├──────────────────┼──────────────────────────────┼─────────┼─────────────────┤
│ clab-ml-17-H1-11 │ linux                        │ running │ 192.168.128.119 │
│                  │ busybox:latest               │         │ N/A             │
├──────────────────┼──────────────────────────────┼─────────┼─────────────────┤
│ clab-ml-17-H1-12 │ linux                        │ running │ 192.168.128.120 │
│                  │ busybox:latest               │         │ N/A             │
├──────────────────┼──────────────────────────────┼─────────┼─────────────────┤
│ clab-ml-17-H1-13 │ linux                        │ running │ 192.168.128.121 │
│                  │ busybox:latest               │         │ N/A             │
├──────────────────┼──────────────────────────────┼─────────┼─────────────────┤
│ clab-ml-17-H1-14 │ linux                        │ running │ 192.168.128.122 │
│                  │ busybox:latest               │         │ N/A             │
├──────────────────┼──────────────────────────────┼─────────┼─────────────────┤
│ clab-ml-17-H1-15 │ linux                        │ running │ 192.168.128.123 │
│                  │ busybox:latest               │         │ N/A             │
├──────────────────┼──────────────────────────────┼─────────┼─────────────────┤
│ clab-ml-17-H1-16 │ linux                        │ running │ 192.168.128.124 │
│                  │ busybox:latest               │         │ N/A             │
├──────────────────┼──────────────────────────────┼─────────┼─────────────────┤
│ clab-ml-17-H1-17 │ linux                        │ running │ 192.168.128.125 │
│                  │ busybox:latest               │         │ N/A             │
├──────────────────┼──────────────────────────────┼─────────┼─────────────────┤
│ clab-ml-17-H1-18 │ linux                        │ running │ 192.168.128.126 │
│                  │ busybox:latest               │         │ N/A             │
├──────────────────┼──────────────────────────────┼─────────┼─────────────────┤
│ clab-ml-17-H1-19 │ linux                        │ running │ 192.168.128.127 │
│                  │ busybox:latest               │         │ N/A             │
├──────────────────┼──────────────────────────────┼─────────┼─────────────────┤
│ clab-ml-17-H1-20 │ linux                        │ running │ 192.168.128.128 │
│                  │ busybox:latest               │         │ N/A             │
├──────────────────┼──────────────────────────────┼─────────┼─────────────────┤
│ clab-ml-17-H1-21 │ linux                        │ running │ 192.168.128.129 │
│                  │ busybox:latest               │         │ N/A             │
├──────────────────┼──────────────────────────────┼─────────┼─────────────────┤
│ clab-ml-17-H1-22 │ linux                        │ running │ 192.168.128.130 │
│                  │ busybox:latest               │         │ N/A             │
├──────────────────┼──────────────────────────────┼─────────┼─────────────────┤
│ clab-ml-17-H1-23 │ linux                        │ running │ 192.168.128.131 │
│                  │ busybox:latest               │         │ N/A             │
├──────────────────┼──────────────────────────────┼─────────┼─────────────────┤
│ clab-ml-17-H1-24 │ linux                        │ running │ 192.168.128.132 │
│                  │ busybox:latest               │         │ N/A             │
├──────────────────┼──────────────────────────────┼─────────┼─────────────────┤
│ clab-ml-17-H1-25 │ linux                        │ running │ 192.168.128.133 │
│                  │ busybox:latest               │         │ N/A             │
├──────────────────┼──────────────────────────────┼─────────┼─────────────────┤
│ clab-ml-17-H1-26 │ linux                        │ running │ 192.168.128.134 │
│                  │ busybox:latest               │         │ N/A             │
├──────────────────┼──────────────────────────────┼─────────┼─────────────────┤
│ clab-ml-17-H1-27 │ linux                        │ running │ 192.168.128.135 │
│                  │ busybox:latest               │         │ N/A             │
├──────────────────┼──────────────────────────────┼─────────┼─────────────────┤
│ clab-ml-17-H1-28 │ linux                        │ running │ 192.168.128.136 │
│                  │ busybox:latest               │         │ N/A             │
├──────────────────┼──────────────────────────────┼─────────┼─────────────────┤
│ clab-ml-17-H1-29 │ linux                        │ running │ 192.168.128.137 │
│                  │ busybox:latest               │         │ N/A             │
├──────────────────┼──────────────────────────────┼─────────┼─────────────────┤
│ clab-ml-17-H1-30 │ linux                        │ running │ 192.168.128.138 │
│                  │ busybox:latest               │         │ N/A             │
├──────────────────┼──────────────────────────────┼─────────┼─────────────────┤
│ clab-ml-17-H1-31 │ linux                        │ running │ 192.168.128.139 │
│                  │ busybox:latest               │         │ N/A             │
├──────────────────┼──────────────────────────────┼─────────┼─────────────────┤
│ clab-ml-17-H1-32 │ linux                        │ running │ 192.168.128.140 │
│                  │ busybox:latest               │         │ N/A             │
├──────────────────┼──────────────────────────────┼─────────┼─────────────────┤
│ clab-ml-17-H1-33 │ linux                        │ running │ 192.168.128.141 │
│                  │ busybox:latest               │         │ N/A             │
├──────────────────┼──────────────────────────────┼─────────┼─────────────────┤
│ clab-ml-17-H1-34 │ linux                        │ running │ 192.168.128.142 │
│                  │ busybox:latest               │         │ N/A             │
├──────────────────┼──────────────────────────────┼─────────┼─────────────────┤
│ clab-ml-17-H1-35 │ linux                        │ running │ 192.168.128.143 │
│                  │ busybox:latest               │         │ N/A             │
├──────────────────┼──────────────────────────────┼─────────┼─────────────────┤
│ clab-ml-17-H1-36 │ linux                        │ running │ 192.168.128.144 │
│                  │ busybox:latest               │         │ N/A             │
├──────────────────┼──────────────────────────────┼─────────┼─────────────────┤
│ clab-ml-17-H1-37 │ linux                        │ running │ 192.168.128.145 │
│                  │ busybox:latest               │         │ N/A             │
├──────────────────┼──────────────────────────────┼─────────┼─────────────────┤
│ clab-ml-17-H1-38 │ linux                        │ running │ 192.168.128.146 │
│                  │ busybox:latest               │         │ N/A             │
├──────────────────┼──────────────────────────────┼─────────┼─────────────────┤
│ clab-ml-17-H1-39 │ linux                        │ running │ 192.168.128.147 │
│                  │ busybox:latest               │         │ N/A             │
├──────────────────┼──────────────────────────────┼─────────┼─────────────────┤
│ clab-ml-17-H1-40 │ linux                        │ running │ 192.168.128.148 │
│                  │ busybox:latest               │         │ N/A             │
├──────────────────┼──────────────────────────────┼─────────┼─────────────────┤
│ clab-ml-17-H1-41 │ linux                        │ running │ 192.168.128.149 │
│                  │ busybox:latest               │         │ N/A             │
├──────────────────┼──────────────────────────────┼─────────┼─────────────────┤
│ clab-ml-17-H1-42 │ linux                        │ running │ 192.168.128.150 │
│                  │ busybox:latest               │         │ N/A             │
├──────────────────┼──────────────────────────────┼─────────┼─────────────────┤
│ clab-ml-17-H1-43 │ linux                        │ running │ 192.168.128.151 │
│                  │ busybox:latest               │         │ N/A             │
├──────────────────┼──────────────────────────────┼─────────┼─────────────────┤
│ clab-ml-17-H1-44 │ linux                        │ running │ 192.168.128.152 │
│                  │ busybox:latest               │         │ N/A             │
├──────────────────┼──────────────────────────────┼─────────┼─────────────────┤
│ clab-ml-17-H1-45 │ linux                        │ running │ 192.168.128.153 │
│                  │ busybox:latest               │         │ N/A             │
├──────────────────┼──────────────────────────────┼─────────┼─────────────────┤
│ clab-ml-17-H1-46 │ linux                        │ running │ 192.168.128.154 │
│                  │ busybox:latest               │         │ N/A             │
├──────────────────┼──────────────────────────────┼─────────┼─────────────────┤
│ clab-ml-17-H1-47 │ linux                        │ running │ 192.168.128.155 │
│                  │ busybox:latest               │         │ N/A             │
├──────────────────┼──────────────────────────────┼─────────┼─────────────────┤
│ clab-ml-17-H1-48 │ linux                        │ running │ 192.168.128.156 │
│                  │ busybox:latest               │         │ N/A             │
├──────────────────┼──────────────────────────────┼─────────┼─────────────────┤
│ clab-ml-17-H1-49 │ linux                        │ running │ 192.168.128.157 │
│                  │ busybox:latest               │         │ N/A             │
├──────────────────┼──────────────────────────────┼─────────┼─────────────────┤
│ clab-ml-17-H1-50 │ linux                        │ running │ 192.168.128.158 │
│                  │ busybox:latest               │         │ N/A             │
├──────────────────┼──────────────────────────────┼─────────┼─────────────────┤
│ clab-ml-17-H2-01 │ linux                        │ running │ 192.168.128.159 │
│                  │ busybox:latest               │         │ N/A             │
├──────────────────┼──────────────────────────────┼─────────┼─────────────────┤
│ clab-ml-17-H2-02 │ linux                        │ running │ 192.168.128.160 │
│                  │ busybox:latest               │         │ N/A             │
├──────────────────┼──────────────────────────────┼─────────┼─────────────────┤
│ clab-ml-17-H2-03 │ linux                        │ running │ 192.168.128.161 │
│                  │ busybox:latest               │         │ N/A             │
├──────────────────┼──────────────────────────────┼─────────┼─────────────────┤
│ clab-ml-17-H2-04 │ linux                        │ running │ 192.168.128.162 │
│                  │ busybox:latest               │         │ N/A             │
├──────────────────┼──────────────────────────────┼─────────┼─────────────────┤
│ clab-ml-17-H2-05 │ linux                        │ running │ 192.168.128.163 │
│                  │ busybox:latest               │         │ N/A             │
├──────────────────┼──────────────────────────────┼─────────┼─────────────────┤
│ clab-ml-17-H2-06 │ linux                        │ running │ 192.168.128.164 │
│                  │ busybox:latest               │         │ N/A             │
├──────────────────┼──────────────────────────────┼─────────┼─────────────────┤
│ clab-ml-17-H2-07 │ linux                        │ running │ 192.168.128.165 │
│                  │ busybox:latest               │         │ N/A             │
├──────────────────┼──────────────────────────────┼─────────┼─────────────────┤
│ clab-ml-17-H2-08 │ linux                        │ running │ 192.168.128.166 │
│                  │ busybox:latest               │         │ N/A             │
├──────────────────┼──────────────────────────────┼─────────┼─────────────────┤
│ clab-ml-17-H2-09 │ linux                        │ running │ 192.168.128.167 │
│                  │ busybox:latest               │         │ N/A             │
├──────────────────┼──────────────────────────────┼─────────┼─────────────────┤
│ clab-ml-17-H2-10 │ linux                        │ running │ 192.168.128.168 │
│                  │ busybox:latest               │         │ N/A             │
├──────────────────┼──────────────────────────────┼─────────┼─────────────────┤
│ clab-ml-17-H2-11 │ linux                        │ running │ 192.168.128.169 │
│                  │ busybox:latest               │         │ N/A             │
├──────────────────┼──────────────────────────────┼─────────┼─────────────────┤
│ clab-ml-17-H2-12 │ linux                        │ running │ 192.168.128.170 │
│                  │ busybox:latest               │         │ N/A             │
├──────────────────┼──────────────────────────────┼─────────┼─────────────────┤
│ clab-ml-17-H2-13 │ linux                        │ running │ 192.168.128.171 │
│                  │ busybox:latest               │         │ N/A             │
├──────────────────┼──────────────────────────────┼─────────┼─────────────────┤
│ clab-ml-17-H2-14 │ linux                        │ running │ 192.168.128.172 │
│                  │ busybox:latest               │         │ N/A             │
├──────────────────┼──────────────────────────────┼─────────┼─────────────────┤
│ clab-ml-17-H2-15 │ linux                        │ running │ 192.168.128.173 │
│                  │ busybox:latest               │         │ N/A             │
├──────────────────┼──────────────────────────────┼─────────┼─────────────────┤
│ clab-ml-17-H2-16 │ linux                        │ running │ 192.168.128.174 │
│                  │ busybox:latest               │         │ N/A             │
├──────────────────┼──────────────────────────────┼─────────┼─────────────────┤
│ clab-ml-17-H2-17 │ linux                        │ running │ 192.168.128.175 │
│                  │ busybox:latest               │         │ N/A             │
├──────────────────┼──────────────────────────────┼─────────┼─────────────────┤
│ clab-ml-17-H2-18 │ linux                        │ running │ 192.168.128.176 │
│                  │ busybox:latest               │         │ N/A             │
├──────────────────┼──────────────────────────────┼─────────┼─────────────────┤
│ clab-ml-17-H2-19 │ linux                        │ running │ 192.168.128.177 │
│                  │ busybox:latest               │         │ N/A             │
├──────────────────┼──────────────────────────────┼─────────┼─────────────────┤
│ clab-ml-17-H2-20 │ linux                        │ running │ 192.168.128.178 │
│                  │ busybox:latest               │         │ N/A             │
├──────────────────┼──────────────────────────────┼─────────┼─────────────────┤
│ clab-ml-17-H2-21 │ linux                        │ running │ 192.168.128.179 │
│                  │ busybox:latest               │         │ N/A             │
├──────────────────┼──────────────────────────────┼─────────┼─────────────────┤
│ clab-ml-17-H2-22 │ linux                        │ running │ 192.168.128.180 │
│                  │ busybox:latest               │         │ N/A             │
├──────────────────┼──────────────────────────────┼─────────┼─────────────────┤
│ clab-ml-17-H2-23 │ linux                        │ running │ 192.168.128.181 │
│                  │ busybox:latest               │         │ N/A             │
├──────────────────┼──────────────────────────────┼─────────┼─────────────────┤
│ clab-ml-17-H2-24 │ linux                        │ running │ 192.168.128.182 │
│                  │ busybox:latest               │         │ N/A             │
├──────────────────┼──────────────────────────────┼─────────┼─────────────────┤
│ clab-ml-17-H2-25 │ linux                        │ running │ 192.168.128.183 │
│                  │ busybox:latest               │         │ N/A             │
├──────────────────┼──────────────────────────────┼─────────┼─────────────────┤
│ clab-ml-17-H2-26 │ linux                        │ running │ 192.168.128.184 │
│                  │ busybox:latest               │         │ N/A             │
├──────────────────┼──────────────────────────────┼─────────┼─────────────────┤
│ clab-ml-17-H2-27 │ linux                        │ running │ 192.168.128.185 │
│                  │ busybox:latest               │         │ N/A             │
├──────────────────┼──────────────────────────────┼─────────┼─────────────────┤
│ clab-ml-17-H2-28 │ linux                        │ running │ 192.168.128.186 │
│                  │ busybox:latest               │         │ N/A             │
├──────────────────┼──────────────────────────────┼─────────┼─────────────────┤
│ clab-ml-17-H2-29 │ linux                        │ running │ 192.168.128.187 │
│                  │ busybox:latest               │         │ N/A             │
├──────────────────┼──────────────────────────────┼─────────┼─────────────────┤
│ clab-ml-17-H2-30 │ linux                        │ running │ 192.168.128.188 │
│                  │ busybox:latest               │         │ N/A             │
├──────────────────┼──────────────────────────────┼─────────┼─────────────────┤
│ clab-ml-17-H2-31 │ linux                        │ running │ 192.168.128.189 │
│                  │ busybox:latest               │         │ N/A             │
├──────────────────┼──────────────────────────────┼─────────┼─────────────────┤
│ clab-ml-17-H2-32 │ linux                        │ running │ 192.168.128.190 │
│                  │ busybox:latest               │         │ N/A             │
├──────────────────┼──────────────────────────────┼─────────┼─────────────────┤
│ clab-ml-17-H2-33 │ linux                        │ running │ 192.168.128.191 │
│                  │ busybox:latest               │         │ N/A             │
├──────────────────┼──────────────────────────────┼─────────┼─────────────────┤
│ clab-ml-17-H2-34 │ linux                        │ running │ 192.168.128.192 │
│                  │ busybox:latest               │         │ N/A             │
├──────────────────┼──────────────────────────────┼─────────┼─────────────────┤
│ clab-ml-17-H2-35 │ linux                        │ running │ 192.168.128.193 │
│                  │ busybox:latest               │         │ N/A             │
├──────────────────┼──────────────────────────────┼─────────┼─────────────────┤
│ clab-ml-17-H2-36 │ linux                        │ running │ 192.168.128.194 │
│                  │ busybox:latest               │         │ N/A             │
├──────────────────┼──────────────────────────────┼─────────┼─────────────────┤
│ clab-ml-17-H2-37 │ linux                        │ running │ 192.168.128.195 │
│                  │ busybox:latest               │         │ N/A             │
├──────────────────┼──────────────────────────────┼─────────┼─────────────────┤
│ clab-ml-17-H2-38 │ linux                        │ running │ 192.168.128.196 │
│                  │ busybox:latest               │         │ N/A             │
├──────────────────┼──────────────────────────────┼─────────┼─────────────────┤
│ clab-ml-17-H2-39 │ linux                        │ running │ 192.168.128.197 │
│                  │ busybox:latest               │         │ N/A             │
├──────────────────┼──────────────────────────────┼─────────┼─────────────────┤
│ clab-ml-17-H2-40 │ linux                        │ running │ 192.168.128.198 │
│                  │ busybox:latest               │         │ N/A             │
├──────────────────┼──────────────────────────────┼─────────┼─────────────────┤
│ clab-ml-17-H2-41 │ linux                        │ running │ 192.168.128.199 │
│                  │ busybox:latest               │         │ N/A             │
├──────────────────┼──────────────────────────────┼─────────┼─────────────────┤
│ clab-ml-17-H2-42 │ linux                        │ running │ 192.168.128.200 │
│                  │ busybox:latest               │         │ N/A             │
├──────────────────┼──────────────────────────────┼─────────┼─────────────────┤
│ clab-ml-17-H2-43 │ linux                        │ running │ 192.168.128.201 │
│                  │ busybox:latest               │         │ N/A             │
├──────────────────┼──────────────────────────────┼─────────┼─────────────────┤
│ clab-ml-17-H2-44 │ linux                        │ running │ 192.168.128.202 │
│                  │ busybox:latest               │         │ N/A             │
├──────────────────┼──────────────────────────────┼─────────┼─────────────────┤
│ clab-ml-17-H2-45 │ linux                        │ running │ 192.168.128.203 │
│                  │ busybox:latest               │         │ N/A             │
├──────────────────┼──────────────────────────────┼─────────┼─────────────────┤
│ clab-ml-17-H2-46 │ linux                        │ running │ 192.168.128.204 │
│                  │ busybox:latest               │         │ N/A             │
├──────────────────┼──────────────────────────────┼─────────┼─────────────────┤
│ clab-ml-17-H2-47 │ linux                        │ running │ 192.168.128.205 │
│                  │ busybox:latest               │         │ N/A             │
├──────────────────┼──────────────────────────────┼─────────┼─────────────────┤
│ clab-ml-17-H2-48 │ linux                        │ running │ 192.168.128.206 │
│                  │ busybox:latest               │         │ N/A             │
├──────────────────┼──────────────────────────────┼─────────┼─────────────────┤
│ clab-ml-17-H2-49 │ linux                        │ running │ 192.168.128.207 │
│                  │ busybox:latest               │         │ N/A             │
├──────────────────┼──────────────────────────────┼─────────┼─────────────────┤
│ clab-ml-17-H2-50 │ linux                        │ running │ 192.168.128.208 │
│                  │ busybox:latest               │         │ N/A             │
├──────────────────┼──────────────────────────────┼─────────┼─────────────────┤
│ clab-ml-17-H3-01 │ linux                        │ running │ 192.168.128.209 │
│                  │ busybox:latest               │         │ N/A             │
├──────────────────┼──────────────────────────────┼─────────┼─────────────────┤
│ clab-ml-17-H3-02 │ linux                        │ running │ 192.168.128.210 │
│                  │ busybox:latest               │         │ N/A             │
├──────────────────┼──────────────────────────────┼─────────┼─────────────────┤
│ clab-ml-17-H3-03 │ linux                        │ running │ 192.168.128.211 │
│                  │ busybox:latest               │         │ N/A             │
├──────────────────┼──────────────────────────────┼─────────┼─────────────────┤
│ clab-ml-17-H3-04 │ linux                        │ running │ 192.168.128.212 │
│                  │ busybox:latest               │         │ N/A             │
├──────────────────┼──────────────────────────────┼─────────┼─────────────────┤
│ clab-ml-17-H3-05 │ linux                        │ running │ 192.168.128.213 │
│                  │ busybox:latest               │         │ N/A             │
├──────────────────┼──────────────────────────────┼─────────┼─────────────────┤
│ clab-ml-17-H3-06 │ linux                        │ running │ 192.168.128.214 │
│                  │ busybox:latest               │         │ N/A             │
├──────────────────┼──────────────────────────────┼─────────┼─────────────────┤
│ clab-ml-17-H3-07 │ linux                        │ running │ 192.168.128.215 │
│                  │ busybox:latest               │         │ N/A             │
├──────────────────┼──────────────────────────────┼─────────┼─────────────────┤
│ clab-ml-17-H3-08 │ linux                        │ running │ 192.168.128.216 │
│                  │ busybox:latest               │         │ N/A             │
├──────────────────┼──────────────────────────────┼─────────┼─────────────────┤
│ clab-ml-17-H3-09 │ linux                        │ running │ 192.168.128.217 │
│                  │ busybox:latest               │         │ N/A             │
├──────────────────┼──────────────────────────────┼─────────┼─────────────────┤
│ clab-ml-17-H3-10 │ linux                        │ running │ 192.168.128.218 │
│                  │ busybox:latest               │         │ N/A             │
├──────────────────┼──────────────────────────────┼─────────┼─────────────────┤
│ clab-ml-17-H3-11 │ linux                        │ running │ 192.168.128.219 │
│                  │ busybox:latest               │         │ N/A             │
├──────────────────┼──────────────────────────────┼─────────┼─────────────────┤
│ clab-ml-17-H3-12 │ linux                        │ running │ 192.168.128.220 │
│                  │ busybox:latest               │         │ N/A             │
├──────────────────┼──────────────────────────────┼─────────┼─────────────────┤
│ clab-ml-17-H3-13 │ linux                        │ running │ 192.168.128.221 │
│                  │ busybox:latest               │         │ N/A             │
├──────────────────┼──────────────────────────────┼─────────┼─────────────────┤
│ clab-ml-17-H3-14 │ linux                        │ running │ 192.168.128.222 │
│                  │ busybox:latest               │         │ N/A             │
├──────────────────┼──────────────────────────────┼─────────┼─────────────────┤
│ clab-ml-17-H3-15 │ linux                        │ running │ 192.168.128.223 │
│                  │ busybox:latest               │         │ N/A             │
├──────────────────┼──────────────────────────────┼─────────┼─────────────────┤
│ clab-ml-17-H3-16 │ linux                        │ running │ 192.168.128.224 │
│                  │ busybox:latest               │         │ N/A             │
├──────────────────┼──────────────────────────────┼─────────┼─────────────────┤
│ clab-ml-17-H3-17 │ linux                        │ running │ 192.168.128.225 │
│                  │ busybox:latest               │         │ N/A             │
├──────────────────┼──────────────────────────────┼─────────┼─────────────────┤
│ clab-ml-17-H3-18 │ linux                        │ running │ 192.168.128.226 │
│                  │ busybox:latest               │         │ N/A             │
├──────────────────┼──────────────────────────────┼─────────┼─────────────────┤
│ clab-ml-17-H3-19 │ linux                        │ running │ 192.168.128.227 │
│                  │ busybox:latest               │         │ N/A             │
├──────────────────┼──────────────────────────────┼─────────┼─────────────────┤
│ clab-ml-17-H3-20 │ linux                        │ running │ 192.168.128.228 │
│                  │ busybox:latest               │         │ N/A             │
├──────────────────┼──────────────────────────────┼─────────┼─────────────────┤
│ clab-ml-17-H3-21 │ linux                        │ running │ 192.168.128.229 │
│                  │ busybox:latest               │         │ N/A             │
├──────────────────┼──────────────────────────────┼─────────┼─────────────────┤
│ clab-ml-17-H3-22 │ linux                        │ running │ 192.168.128.230 │
│                  │ busybox:latest               │         │ N/A             │
├──────────────────┼──────────────────────────────┼─────────┼─────────────────┤
│ clab-ml-17-H3-23 │ linux                        │ running │ 192.168.128.231 │
│                  │ busybox:latest               │         │ N/A             │
├──────────────────┼──────────────────────────────┼─────────┼─────────────────┤
│ clab-ml-17-H3-24 │ linux                        │ running │ 192.168.128.232 │
│                  │ busybox:latest               │         │ N/A             │
├──────────────────┼──────────────────────────────┼─────────┼─────────────────┤
│ clab-ml-17-H3-25 │ linux                        │ running │ 192.168.128.233 │
│                  │ busybox:latest               │         │ N/A             │
├──────────────────┼──────────────────────────────┼─────────┼─────────────────┤
│ clab-ml-17-H3-26 │ linux                        │ running │ 192.168.128.234 │
│                  │ busybox:latest               │         │ N/A             │
├──────────────────┼──────────────────────────────┼─────────┼─────────────────┤
│ clab-ml-17-H3-27 │ linux                        │ running │ 192.168.128.235 │
│                  │ busybox:latest               │         │ N/A             │
├──────────────────┼──────────────────────────────┼─────────┼─────────────────┤
│ clab-ml-17-H3-28 │ linux                        │ running │ 192.168.128.236 │
│                  │ busybox:latest               │         │ N/A             │
├──────────────────┼──────────────────────────────┼─────────┼─────────────────┤
│ clab-ml-17-H3-29 │ linux                        │ running │ 192.168.128.237 │
│                  │ busybox:latest               │         │ N/A             │
├──────────────────┼──────────────────────────────┼─────────┼─────────────────┤
│ clab-ml-17-H3-30 │ linux                        │ running │ 192.168.128.238 │
│                  │ busybox:latest               │         │ N/A             │
├──────────────────┼──────────────────────────────┼─────────┼─────────────────┤
│ clab-ml-17-H3-31 │ linux                        │ running │ 192.168.128.239 │
│                  │ busybox:latest               │         │ N/A             │
├──────────────────┼──────────────────────────────┼─────────┼─────────────────┤
│ clab-ml-17-H3-32 │ linux                        │ running │ 192.168.128.240 │
│                  │ busybox:latest               │         │ N/A             │
├──────────────────┼──────────────────────────────┼─────────┼─────────────────┤
│ clab-ml-17-H3-33 │ linux                        │ running │ 192.168.128.241 │
│                  │ busybox:latest               │         │ N/A             │
├──────────────────┼──────────────────────────────┼─────────┼─────────────────┤
│ clab-ml-17-H3-34 │ linux                        │ running │ 192.168.128.242 │
│                  │ busybox:latest               │         │ N/A             │
├──────────────────┼──────────────────────────────┼─────────┼─────────────────┤
│ clab-ml-17-H3-35 │ linux                        │ running │ 192.168.128.243 │
│                  │ busybox:latest               │         │ N/A             │
├──────────────────┼──────────────────────────────┼─────────┼─────────────────┤
│ clab-ml-17-H3-36 │ linux                        │ running │ 192.168.128.244 │
│                  │ busybox:latest               │         │ N/A             │
├──────────────────┼──────────────────────────────┼─────────┼─────────────────┤
│ clab-ml-17-H3-37 │ linux                        │ running │ 192.168.128.245 │
│                  │ busybox:latest               │         │ N/A             │
├──────────────────┼──────────────────────────────┼─────────┼─────────────────┤
│ clab-ml-17-H3-38 │ linux                        │ running │ 192.168.128.246 │
│                  │ busybox:latest               │         │ N/A             │
├──────────────────┼──────────────────────────────┼─────────┼─────────────────┤
│ clab-ml-17-H3-39 │ linux                        │ running │ 192.168.128.247 │
│                  │ busybox:latest               │         │ N/A             │
├──────────────────┼──────────────────────────────┼─────────┼─────────────────┤
│ clab-ml-17-H3-40 │ linux                        │ running │ 192.168.128.248 │
│                  │ busybox:latest               │         │ N/A             │
├──────────────────┼──────────────────────────────┼─────────┼─────────────────┤
│ clab-ml-17-H3-41 │ linux                        │ running │ 192.168.128.249 │
│                  │ busybox:latest               │         │ N/A             │
├──────────────────┼──────────────────────────────┼─────────┼─────────────────┤
│ clab-ml-17-H3-42 │ linux                        │ running │ 192.168.128.250 │
│                  │ busybox:latest               │         │ N/A             │
├──────────────────┼──────────────────────────────┼─────────┼─────────────────┤
│ clab-ml-17-H3-43 │ linux                        │ running │ 192.168.128.251 │
│                  │ busybox:latest               │         │ N/A             │
├──────────────────┼──────────────────────────────┼─────────┼─────────────────┤
│ clab-ml-17-H3-44 │ linux                        │ running │ 192.168.128.252 │
│                  │ busybox:latest               │         │ N/A             │
├──────────────────┼──────────────────────────────┼─────────┼─────────────────┤
│ clab-ml-17-H3-45 │ linux                        │ running │ 192.168.128.253 │
│                  │ busybox:latest               │         │ N/A             │
├──────────────────┼──────────────────────────────┼─────────┼─────────────────┤
│ clab-ml-17-H3-46 │ linux                        │ running │ 192.168.128.254 │
│                  │ busybox:latest               │         │ N/A             │
├──────────────────┼──────────────────────────────┼─────────┼─────────────────┤
│ clab-ml-17-H3-47 │ linux                        │ running │ 192.168.128.255 │
│                  │ busybox:latest               │         │ N/A             │
├──────────────────┼──────────────────────────────┼─────────┼─────────────────┤
│ clab-ml-17-H3-48 │ linux                        │ running │ 192.168.129.0   │
│                  │ busybox:latest               │         │ N/A             │
├──────────────────┼──────────────────────────────┼─────────┼─────────────────┤
│ clab-ml-17-H3-49 │ linux                        │ running │ 192.168.129.1   │
│                  │ busybox:latest               │         │ N/A             │
├──────────────────┼──────────────────────────────┼─────────┼─────────────────┤
│ clab-ml-17-H3-50 │ linux                        │ running │ 192.168.129.2   │
│                  │ busybox:latest               │         │ N/A             │
├──────────────────┼──────────────────────────────┼─────────┼─────────────────┤
│ clab-ml-17-H4-01 │ linux                        │ running │ 192.168.129.3   │
│                  │ busybox:latest               │         │ N/A             │
├──────────────────┼──────────────────────────────┼─────────┼─────────────────┤
│ clab-ml-17-H4-02 │ linux                        │ running │ 192.168.129.4   │
│                  │ busybox:latest               │         │ N/A             │
├──────────────────┼──────────────────────────────┼─────────┼─────────────────┤
│ clab-ml-17-H4-03 │ linux                        │ running │ 192.168.129.5   │
│                  │ busybox:latest               │         │ N/A             │
├──────────────────┼──────────────────────────────┼─────────┼─────────────────┤
│ clab-ml-17-H4-04 │ linux                        │ running │ 192.168.129.6   │
│                  │ busybox:latest               │         │ N/A             │
├──────────────────┼──────────────────────────────┼─────────┼─────────────────┤
│ clab-ml-17-H4-05 │ linux                        │ running │ 192.168.129.7   │
│                  │ busybox:latest               │         │ N/A             │
├──────────────────┼──────────────────────────────┼─────────┼─────────────────┤
│ clab-ml-17-H4-06 │ linux                        │ running │ 192.168.129.8   │
│                  │ busybox:latest               │         │ N/A             │
├──────────────────┼──────────────────────────────┼─────────┼─────────────────┤
│ clab-ml-17-H4-07 │ linux                        │ running │ 192.168.129.9   │
│                  │ busybox:latest               │         │ N/A             │
├──────────────────┼──────────────────────────────┼─────────┼─────────────────┤
│ clab-ml-17-H4-08 │ linux                        │ running │ 192.168.129.10  │
│                  │ busybox:latest               │         │ N/A             │
├──────────────────┼──────────────────────────────┼─────────┼─────────────────┤
│ clab-ml-17-H4-09 │ linux                        │ running │ 192.168.129.11  │
│                  │ busybox:latest               │         │ N/A             │
├──────────────────┼──────────────────────────────┼─────────┼─────────────────┤
│ clab-ml-17-H4-10 │ linux                        │ running │ 192.168.129.12  │
│                  │ busybox:latest               │         │ N/A             │
├──────────────────┼──────────────────────────────┼─────────┼─────────────────┤
│ clab-ml-17-H4-11 │ linux                        │ running │ 192.168.129.13  │
│                  │ busybox:latest               │         │ N/A             │
├──────────────────┼──────────────────────────────┼─────────┼─────────────────┤
│ clab-ml-17-H4-12 │ linux                        │ running │ 192.168.129.14  │
│                  │ busybox:latest               │         │ N/A             │
├──────────────────┼──────────────────────────────┼─────────┼─────────────────┤
│ clab-ml-17-H4-13 │ linux                        │ running │ 192.168.129.15  │
│                  │ busybox:latest               │         │ N/A             │
├──────────────────┼──────────────────────────────┼─────────┼─────────────────┤
│ clab-ml-17-H4-14 │ linux                        │ running │ 192.168.129.16  │
│                  │ busybox:latest               │         │ N/A             │
├──────────────────┼──────────────────────────────┼─────────┼─────────────────┤
│ clab-ml-17-H4-15 │ linux                        │ running │ 192.168.129.17  │
│                  │ busybox:latest               │         │ N/A             │
├──────────────────┼──────────────────────────────┼─────────┼─────────────────┤
│ clab-ml-17-H4-16 │ linux                        │ running │ 192.168.129.18  │
│                  │ busybox:latest               │         │ N/A             │
├──────────────────┼──────────────────────────────┼─────────┼─────────────────┤
│ clab-ml-17-H4-17 │ linux                        │ running │ 192.168.129.19  │
│                  │ busybox:latest               │         │ N/A             │
├──────────────────┼──────────────────────────────┼─────────┼─────────────────┤
│ clab-ml-17-H4-18 │ linux                        │ running │ 192.168.129.20  │
│                  │ busybox:latest               │         │ N/A             │
├──────────────────┼──────────────────────────────┼─────────┼─────────────────┤
│ clab-ml-17-H4-19 │ linux                        │ running │ 192.168.129.21  │
│                  │ busybox:latest               │         │ N/A             │
├──────────────────┼──────────────────────────────┼─────────┼─────────────────┤
│ clab-ml-17-H4-20 │ linux                        │ running │ 192.168.129.22  │
│                  │ busybox:latest               │         │ N/A             │
├──────────────────┼──────────────────────────────┼─────────┼─────────────────┤
│ clab-ml-17-H4-21 │ linux                        │ running │ 192.168.129.23  │
│                  │ busybox:latest               │         │ N/A             │
├──────────────────┼──────────────────────────────┼─────────┼─────────────────┤
│ clab-ml-17-H4-22 │ linux                        │ running │ 192.168.129.24  │
│                  │ busybox:latest               │         │ N/A             │
├──────────────────┼──────────────────────────────┼─────────┼─────────────────┤
│ clab-ml-17-H4-23 │ linux                        │ running │ 192.168.129.25  │
│                  │ busybox:latest               │         │ N/A             │
├──────────────────┼──────────────────────────────┼─────────┼─────────────────┤
│ clab-ml-17-H4-24 │ linux                        │ running │ 192.168.129.26  │
│                  │ busybox:latest               │         │ N/A             │
├──────────────────┼──────────────────────────────┼─────────┼─────────────────┤
│ clab-ml-17-H4-25 │ linux                        │ running │ 192.168.129.27  │
│                  │ busybox:latest               │         │ N/A             │
├──────────────────┼──────────────────────────────┼─────────┼─────────────────┤
│ clab-ml-17-H4-26 │ linux                        │ running │ 192.168.129.28  │
│                  │ busybox:latest               │         │ N/A             │
├──────────────────┼──────────────────────────────┼─────────┼─────────────────┤
│ clab-ml-17-H4-27 │ linux                        │ running │ 192.168.129.29  │
│                  │ busybox:latest               │         │ N/A             │
├──────────────────┼──────────────────────────────┼─────────┼─────────────────┤
│ clab-ml-17-H4-28 │ linux                        │ running │ 192.168.129.30  │
│                  │ busybox:latest               │         │ N/A             │
├──────────────────┼──────────────────────────────┼─────────┼─────────────────┤
│ clab-ml-17-H4-29 │ linux                        │ running │ 192.168.129.31  │
│                  │ busybox:latest               │         │ N/A             │
├──────────────────┼──────────────────────────────┼─────────┼─────────────────┤
│ clab-ml-17-H4-30 │ linux                        │ running │ 192.168.129.32  │
│                  │ busybox:latest               │         │ N/A             │
├──────────────────┼──────────────────────────────┼─────────┼─────────────────┤
│ clab-ml-17-H4-31 │ linux                        │ running │ 192.168.129.33  │
│                  │ busybox:latest               │         │ N/A             │
├──────────────────┼──────────────────────────────┼─────────┼─────────────────┤
│ clab-ml-17-H4-32 │ linux                        │ running │ 192.168.129.34  │
│                  │ busybox:latest               │         │ N/A             │
├──────────────────┼──────────────────────────────┼─────────┼─────────────────┤
│ clab-ml-17-H4-33 │ linux                        │ running │ 192.168.129.35  │
│                  │ busybox:latest               │         │ N/A             │
├──────────────────┼──────────────────────────────┼─────────┼─────────────────┤
│ clab-ml-17-H4-34 │ linux                        │ running │ 192.168.129.36  │
│                  │ busybox:latest               │         │ N/A             │
├──────────────────┼──────────────────────────────┼─────────┼─────────────────┤
│ clab-ml-17-H4-35 │ linux                        │ running │ 192.168.129.37  │
│                  │ busybox:latest               │         │ N/A             │
├──────────────────┼──────────────────────────────┼─────────┼─────────────────┤
│ clab-ml-17-H4-36 │ linux                        │ running │ 192.168.129.38  │
│                  │ busybox:latest               │         │ N/A             │
├──────────────────┼──────────────────────────────┼─────────┼─────────────────┤
│ clab-ml-17-H4-37 │ linux                        │ running │ 192.168.129.39  │
│                  │ busybox:latest               │         │ N/A             │
├──────────────────┼──────────────────────────────┼─────────┼─────────────────┤
│ clab-ml-17-H4-38 │ linux                        │ running │ 192.168.129.40  │
│                  │ busybox:latest               │         │ N/A             │
├──────────────────┼──────────────────────────────┼─────────┼─────────────────┤
│ clab-ml-17-H4-39 │ linux                        │ running │ 192.168.129.41  │
│                  │ busybox:latest               │         │ N/A             │
├──────────────────┼──────────────────────────────┼─────────┼─────────────────┤
│ clab-ml-17-H4-40 │ linux                        │ running │ 192.168.129.42  │
│                  │ busybox:latest               │         │ N/A             │
├──────────────────┼──────────────────────────────┼─────────┼─────────────────┤
│ clab-ml-17-H4-41 │ linux                        │ running │ 192.168.129.43  │
│                  │ busybox:latest               │         │ N/A             │
├──────────────────┼──────────────────────────────┼─────────┼─────────────────┤
│ clab-ml-17-H4-42 │ linux                        │ running │ 192.168.129.44  │
│                  │ busybox:latest               │         │ N/A             │
├──────────────────┼──────────────────────────────┼─────────┼─────────────────┤
│ clab-ml-17-H4-43 │ linux                        │ running │ 192.168.129.45  │
│                  │ busybox:latest               │         │ N/A             │
├──────────────────┼──────────────────────────────┼─────────┼─────────────────┤
│ clab-ml-17-H4-44 │ linux                        │ running │ 192.168.129.46  │
│                  │ busybox:latest               │         │ N/A             │
├──────────────────┼──────────────────────────────┼─────────┼─────────────────┤
│ clab-ml-17-H4-45 │ linux                        │ running │ 192.168.129.47  │
│                  │ busybox:latest               │         │ N/A             │
├──────────────────┼──────────────────────────────┼─────────┼─────────────────┤
│ clab-ml-17-H4-46 │ linux                        │ running │ 192.168.129.48  │
│                  │ busybox:latest               │         │ N/A             │
├──────────────────┼──────────────────────────────┼─────────┼─────────────────┤
│ clab-ml-17-H4-47 │ linux                        │ running │ 192.168.129.49  │
│                  │ busybox:latest               │         │ N/A             │
├──────────────────┼──────────────────────────────┼─────────┼─────────────────┤
│ clab-ml-17-H4-48 │ linux                        │ running │ 192.168.129.50  │
│                  │ busybox:latest               │         │ N/A             │
├──────────────────┼──────────────────────────────┼─────────┼─────────────────┤
│ clab-ml-17-H4-49 │ linux                        │ running │ 192.168.129.51  │
│                  │ busybox:latest               │         │ N/A             │
├──────────────────┼──────────────────────────────┼─────────┼─────────────────┤
│ clab-ml-17-H4-50 │ linux                        │ running │ 192.168.129.52  │
│                  │ busybox:latest               │         │ N/A             │
├──────────────────┼──────────────────────────────┼─────────┼─────────────────┤
│ clab-ml-17-H5-01 │ linux                        │ running │ 192.168.129.53  │
│                  │ busybox:latest               │         │ N/A             │
├──────────────────┼──────────────────────────────┼─────────┼─────────────────┤
│ clab-ml-17-H5-02 │ linux                        │ running │ 192.168.129.54  │
│                  │ busybox:latest               │         │ N/A             │
├──────────────────┼──────────────────────────────┼─────────┼─────────────────┤
│ clab-ml-17-H5-03 │ linux                        │ running │ 192.168.129.55  │
│                  │ busybox:latest               │         │ N/A             │
├──────────────────┼──────────────────────────────┼─────────┼─────────────────┤
│ clab-ml-17-H5-04 │ linux                        │ running │ 192.168.129.56  │
│                  │ busybox:latest               │         │ N/A             │
├──────────────────┼──────────────────────────────┼─────────┼─────────────────┤
│ clab-ml-17-H5-05 │ linux                        │ running │ 192.168.129.57  │
│                  │ busybox:latest               │         │ N/A             │
├──────────────────┼──────────────────────────────┼─────────┼─────────────────┤
│ clab-ml-17-H5-06 │ linux                        │ running │ 192.168.129.58  │
│                  │ busybox:latest               │         │ N/A             │
├──────────────────┼──────────────────────────────┼─────────┼─────────────────┤
│ clab-ml-17-H5-07 │ linux                        │ running │ 192.168.129.59  │
│                  │ busybox:latest               │         │ N/A             │
├──────────────────┼──────────────────────────────┼─────────┼─────────────────┤
│ clab-ml-17-H5-08 │ linux                        │ running │ 192.168.129.60  │
│                  │ busybox:latest               │         │ N/A             │
├──────────────────┼──────────────────────────────┼─────────┼─────────────────┤
│ clab-ml-17-H5-09 │ linux                        │ running │ 192.168.129.61  │
│                  │ busybox:latest               │         │ N/A             │
├──────────────────┼──────────────────────────────┼─────────┼─────────────────┤
│ clab-ml-17-H5-10 │ linux                        │ running │ 192.168.129.62  │
│                  │ busybox:latest               │         │ N/A             │
├──────────────────┼──────────────────────────────┼─────────┼─────────────────┤
│ clab-ml-17-H5-11 │ linux                        │ running │ 192.168.129.63  │
│                  │ busybox:latest               │         │ N/A             │
├──────────────────┼──────────────────────────────┼─────────┼─────────────────┤
│ clab-ml-17-H5-12 │ linux                        │ running │ 192.168.129.64  │
│                  │ busybox:latest               │         │ N/A             │
├──────────────────┼──────────────────────────────┼─────────┼─────────────────┤
│ clab-ml-17-H5-13 │ linux                        │ running │ 192.168.129.65  │
│                  │ busybox:latest               │         │ N/A             │
├──────────────────┼──────────────────────────────┼─────────┼─────────────────┤
│ clab-ml-17-H5-14 │ linux                        │ running │ 192.168.129.66  │
│                  │ busybox:latest               │         │ N/A             │
├──────────────────┼──────────────────────────────┼─────────┼─────────────────┤
│ clab-ml-17-H5-15 │ linux                        │ running │ 192.168.129.67  │
│                  │ busybox:latest               │         │ N/A             │
├──────────────────┼──────────────────────────────┼─────────┼─────────────────┤
│ clab-ml-17-H5-16 │ linux                        │ running │ 192.168.129.68  │
│                  │ busybox:latest               │         │ N/A             │
├──────────────────┼──────────────────────────────┼─────────┼─────────────────┤
│ clab-ml-17-H5-17 │ linux                        │ running │ 192.168.129.69  │
│                  │ busybox:latest               │         │ N/A             │
├──────────────────┼──────────────────────────────┼─────────┼─────────────────┤
│ clab-ml-17-H5-18 │ linux                        │ running │ 192.168.129.70  │
│                  │ busybox:latest               │         │ N/A             │
├──────────────────┼──────────────────────────────┼─────────┼─────────────────┤
│ clab-ml-17-H5-19 │ linux                        │ running │ 192.168.129.71  │
│                  │ busybox:latest               │         │ N/A             │
├──────────────────┼──────────────────────────────┼─────────┼─────────────────┤
│ clab-ml-17-H5-20 │ linux                        │ running │ 192.168.129.72  │
│                  │ busybox:latest               │         │ N/A             │
├──────────────────┼──────────────────────────────┼─────────┼─────────────────┤
│ clab-ml-17-H5-21 │ linux                        │ running │ 192.168.129.73  │
│                  │ busybox:latest               │         │ N/A             │
├──────────────────┼──────────────────────────────┼─────────┼─────────────────┤
│ clab-ml-17-H5-22 │ linux                        │ running │ 192.168.129.74  │
│                  │ busybox:latest               │         │ N/A             │
├──────────────────┼──────────────────────────────┼─────────┼─────────────────┤
│ clab-ml-17-H5-23 │ linux                        │ running │ 192.168.129.75  │
│                  │ busybox:latest               │         │ N/A             │
├──────────────────┼──────────────────────────────┼─────────┼─────────────────┤
│ clab-ml-17-H5-24 │ linux                        │ running │ 192.168.129.76  │
│                  │ busybox:latest               │         │ N/A             │
├──────────────────┼──────────────────────────────┼─────────┼─────────────────┤
│ clab-ml-17-H5-25 │ linux                        │ running │ 192.168.129.77  │
│                  │ busybox:latest               │         │ N/A             │
├──────────────────┼──────────────────────────────┼─────────┼─────────────────┤
│ clab-ml-17-H5-26 │ linux                        │ running │ 192.168.129.78  │
│                  │ busybox:latest               │         │ N/A             │
├──────────────────┼──────────────────────────────┼─────────┼─────────────────┤
│ clab-ml-17-H5-27 │ linux                        │ running │ 192.168.129.79  │
│                  │ busybox:latest               │         │ N/A             │
├──────────────────┼──────────────────────────────┼─────────┼─────────────────┤
│ clab-ml-17-H5-28 │ linux                        │ running │ 192.168.129.80  │
│                  │ busybox:latest               │         │ N/A             │
├──────────────────┼──────────────────────────────┼─────────┼─────────────────┤
│ clab-ml-17-H5-29 │ linux                        │ running │ 192.168.129.81  │
│                  │ busybox:latest               │         │ N/A             │
├──────────────────┼──────────────────────────────┼─────────┼─────────────────┤
│ clab-ml-17-H5-30 │ linux                        │ running │ 192.168.129.82  │
│                  │ busybox:latest               │         │ N/A             │
├──────────────────┼──────────────────────────────┼─────────┼─────────────────┤
│ clab-ml-17-H5-31 │ linux                        │ running │ 192.168.129.83  │
│                  │ busybox:latest               │         │ N/A             │
├──────────────────┼──────────────────────────────┼─────────┼─────────────────┤
│ clab-ml-17-H5-32 │ linux                        │ running │ 192.168.129.84  │
│                  │ busybox:latest               │         │ N/A             │
├──────────────────┼──────────────────────────────┼─────────┼─────────────────┤
│ clab-ml-17-H5-33 │ linux                        │ running │ 192.168.129.85  │
│                  │ busybox:latest               │         │ N/A             │
├──────────────────┼──────────────────────────────┼─────────┼─────────────────┤
│ clab-ml-17-H5-34 │ linux                        │ running │ 192.168.129.86  │
│                  │ busybox:latest               │         │ N/A             │
├──────────────────┼──────────────────────────────┼─────────┼─────────────────┤
│ clab-ml-17-H5-35 │ linux                        │ running │ 192.168.129.87  │
│                  │ busybox:latest               │         │ N/A             │
├──────────────────┼──────────────────────────────┼─────────┼─────────────────┤
│ clab-ml-17-H5-36 │ linux                        │ running │ 192.168.129.88  │
│                  │ busybox:latest               │         │ N/A             │
├──────────────────┼──────────────────────────────┼─────────┼─────────────────┤
│ clab-ml-17-H5-37 │ linux                        │ running │ 192.168.129.89  │
│                  │ busybox:latest               │         │ N/A             │
├──────────────────┼──────────────────────────────┼─────────┼─────────────────┤
│ clab-ml-17-H5-38 │ linux                        │ running │ 192.168.129.90  │
│                  │ busybox:latest               │         │ N/A             │
├──────────────────┼──────────────────────────────┼─────────┼─────────────────┤
│ clab-ml-17-H5-39 │ linux                        │ running │ 192.168.129.91  │
│                  │ busybox:latest               │         │ N/A             │
├──────────────────┼──────────────────────────────┼─────────┼─────────────────┤
│ clab-ml-17-H5-40 │ linux                        │ running │ 192.168.129.92  │
│                  │ busybox:latest               │         │ N/A             │
├──────────────────┼──────────────────────────────┼─────────┼─────────────────┤
│ clab-ml-17-H5-41 │ linux                        │ running │ 192.168.129.93  │
│                  │ busybox:latest               │         │ N/A             │
├──────────────────┼──────────────────────────────┼─────────┼─────────────────┤
│ clab-ml-17-H5-42 │ linux                        │ running │ 192.168.129.94  │
│                  │ busybox:latest               │         │ N/A             │
├──────────────────┼──────────────────────────────┼─────────┼─────────────────┤
│ clab-ml-17-H5-43 │ linux                        │ running │ 192.168.129.95  │
│                  │ busybox:latest               │         │ N/A             │
├──────────────────┼──────────────────────────────┼─────────┼─────────────────┤
│ clab-ml-17-H5-44 │ linux                        │ running │ 192.168.129.96  │
│                  │ busybox:latest               │         │ N/A             │
├──────────────────┼──────────────────────────────┼─────────┼─────────────────┤
│ clab-ml-17-H5-45 │ linux                        │ running │ 192.168.129.97  │
│                  │ busybox:latest               │         │ N/A             │
├──────────────────┼──────────────────────────────┼─────────┼─────────────────┤
│ clab-ml-17-H5-46 │ linux                        │ running │ 192.168.129.98  │
│                  │ busybox:latest               │         │ N/A             │
├──────────────────┼──────────────────────────────┼─────────┼─────────────────┤
│ clab-ml-17-H5-47 │ linux                        │ running │ 192.168.129.99  │
│                  │ busybox:latest               │         │ N/A             │
├──────────────────┼──────────────────────────────┼─────────┼─────────────────┤
│ clab-ml-17-H5-48 │ linux                        │ running │ 192.168.129.100 │
│                  │ busybox:latest               │         │ N/A             │
├──────────────────┼──────────────────────────────┼─────────┼─────────────────┤
│ clab-ml-17-H5-49 │ linux                        │ running │ 192.168.129.101 │
│                  │ busybox:latest               │         │ N/A             │
├──────────────────┼──────────────────────────────┼─────────┼─────────────────┤
│ clab-ml-17-H5-50 │ linux                        │ running │ 192.168.129.102 │
│                  │ busybox:latest               │         │ N/A             │
├──────────────────┼──────────────────────────────┼─────────┼─────────────────┤
│ clab-ml-17-H6-01 │ linux                        │ running │ 192.168.129.103 │
│                  │ busybox:latest               │         │ N/A             │
├──────────────────┼──────────────────────────────┼─────────┼─────────────────┤
│ clab-ml-17-H6-02 │ linux                        │ running │ 192.168.129.104 │
│                  │ busybox:latest               │         │ N/A             │
├──────────────────┼──────────────────────────────┼─────────┼─────────────────┤
│ clab-ml-17-H6-03 │ linux                        │ running │ 192.168.129.105 │
│                  │ busybox:latest               │         │ N/A             │
├──────────────────┼──────────────────────────────┼─────────┼─────────────────┤
│ clab-ml-17-H6-04 │ linux                        │ running │ 192.168.129.106 │
│                  │ busybox:latest               │         │ N/A             │
├──────────────────┼──────────────────────────────┼─────────┼─────────────────┤
│ clab-ml-17-H6-05 │ linux                        │ running │ 192.168.129.107 │
│                  │ busybox:latest               │         │ N/A             │
├──────────────────┼──────────────────────────────┼─────────┼─────────────────┤
│ clab-ml-17-H6-06 │ linux                        │ running │ 192.168.129.108 │
│                  │ busybox:latest               │         │ N/A             │
├──────────────────┼──────────────────────────────┼─────────┼─────────────────┤
│ clab-ml-17-H6-07 │ linux                        │ running │ 192.168.129.109 │
│                  │ busybox:latest               │         │ N/A             │
├──────────────────┼──────────────────────────────┼─────────┼─────────────────┤
│ clab-ml-17-H6-08 │ linux                        │ running │ 192.168.129.110 │
│                  │ busybox:latest               │         │ N/A             │
├──────────────────┼──────────────────────────────┼─────────┼─────────────────┤
│ clab-ml-17-H6-09 │ linux                        │ running │ 192.168.129.111 │
│                  │ busybox:latest               │         │ N/A             │
├──────────────────┼──────────────────────────────┼─────────┼─────────────────┤
│ clab-ml-17-H6-10 │ linux                        │ running │ 192.168.129.112 │
│                  │ busybox:latest               │         │ N/A             │
├──────────────────┼──────────────────────────────┼─────────┼─────────────────┤
│ clab-ml-17-H6-11 │ linux                        │ running │ 192.168.129.113 │
│                  │ busybox:latest               │         │ N/A             │
├──────────────────┼──────────────────────────────┼─────────┼─────────────────┤
│ clab-ml-17-H6-12 │ linux                        │ running │ 192.168.129.114 │
│                  │ busybox:latest               │         │ N/A             │
├──────────────────┼──────────────────────────────┼─────────┼─────────────────┤
│ clab-ml-17-H6-13 │ linux                        │ running │ 192.168.129.115 │
│                  │ busybox:latest               │         │ N/A             │
├──────────────────┼──────────────────────────────┼─────────┼─────────────────┤
│ clab-ml-17-H6-14 │ linux                        │ running │ 192.168.129.116 │
│                  │ busybox:latest               │         │ N/A             │
├──────────────────┼──────────────────────────────┼─────────┼─────────────────┤
│ clab-ml-17-H6-15 │ linux                        │ running │ 192.168.129.117 │
│                  │ busybox:latest               │         │ N/A             │
├──────────────────┼──────────────────────────────┼─────────┼─────────────────┤
│ clab-ml-17-H6-16 │ linux                        │ running │ 192.168.129.118 │
│                  │ busybox:latest               │         │ N/A             │
├──────────────────┼──────────────────────────────┼─────────┼─────────────────┤
│ clab-ml-17-H6-17 │ linux                        │ running │ 192.168.129.119 │
│                  │ busybox:latest               │         │ N/A             │
├──────────────────┼──────────────────────────────┼─────────┼─────────────────┤
│ clab-ml-17-H6-18 │ linux                        │ running │ 192.168.129.120 │
│                  │ busybox:latest               │         │ N/A             │
├──────────────────┼──────────────────────────────┼─────────┼─────────────────┤
│ clab-ml-17-H6-19 │ linux                        │ running │ 192.168.129.121 │
│                  │ busybox:latest               │         │ N/A             │
├──────────────────┼──────────────────────────────┼─────────┼─────────────────┤
│ clab-ml-17-H6-20 │ linux                        │ running │ 192.168.129.122 │
│                  │ busybox:latest               │         │ N/A             │
├──────────────────┼──────────────────────────────┼─────────┼─────────────────┤
│ clab-ml-17-H6-21 │ linux                        │ running │ 192.168.129.123 │
│                  │ busybox:latest               │         │ N/A             │
├──────────────────┼──────────────────────────────┼─────────┼─────────────────┤
│ clab-ml-17-H6-22 │ linux                        │ running │ 192.168.129.124 │
│                  │ busybox:latest               │         │ N/A             │
├──────────────────┼──────────────────────────────┼─────────┼─────────────────┤
│ clab-ml-17-H6-23 │ linux                        │ running │ 192.168.129.125 │
│                  │ busybox:latest               │         │ N/A             │
├──────────────────┼──────────────────────────────┼─────────┼─────────────────┤
│ clab-ml-17-H6-24 │ linux                        │ running │ 192.168.129.126 │
│                  │ busybox:latest               │         │ N/A             │
├──────────────────┼──────────────────────────────┼─────────┼─────────────────┤
│ clab-ml-17-H6-25 │ linux                        │ running │ 192.168.129.127 │
│                  │ busybox:latest               │         │ N/A             │
├──────────────────┼──────────────────────────────┼─────────┼─────────────────┤
│ clab-ml-17-H6-26 │ linux                        │ running │ 192.168.129.128 │
│                  │ busybox:latest               │         │ N/A             │
├──────────────────┼──────────────────────────────┼─────────┼─────────────────┤
│ clab-ml-17-H6-27 │ linux                        │ running │ 192.168.129.129 │
│                  │ busybox:latest               │         │ N/A             │
├──────────────────┼──────────────────────────────┼─────────┼─────────────────┤
│ clab-ml-17-H6-28 │ linux                        │ running │ 192.168.129.130 │
│                  │ busybox:latest               │         │ N/A             │
├──────────────────┼──────────────────────────────┼─────────┼─────────────────┤
│ clab-ml-17-H6-29 │ linux                        │ running │ 192.168.129.131 │
│                  │ busybox:latest               │         │ N/A             │
├──────────────────┼──────────────────────────────┼─────────┼─────────────────┤
│ clab-ml-17-H6-30 │ linux                        │ running │ 192.168.129.132 │
│                  │ busybox:latest               │         │ N/A             │
├──────────────────┼──────────────────────────────┼─────────┼─────────────────┤
│ clab-ml-17-H6-31 │ linux                        │ running │ 192.168.129.133 │
│                  │ busybox:latest               │         │ N/A             │
├──────────────────┼──────────────────────────────┼─────────┼─────────────────┤
│ clab-ml-17-H6-32 │ linux                        │ running │ 192.168.129.134 │
│                  │ busybox:latest               │         │ N/A             │
├──────────────────┼──────────────────────────────┼─────────┼─────────────────┤
│ clab-ml-17-H6-33 │ linux                        │ running │ 192.168.129.135 │
│                  │ busybox:latest               │         │ N/A             │
├──────────────────┼──────────────────────────────┼─────────┼─────────────────┤
│ clab-ml-17-H6-34 │ linux                        │ running │ 192.168.129.136 │
│                  │ busybox:latest               │         │ N/A             │
├──────────────────┼──────────────────────────────┼─────────┼─────────────────┤
│ clab-ml-17-H6-35 │ linux                        │ running │ 192.168.129.137 │
│                  │ busybox:latest               │         │ N/A             │
├──────────────────┼──────────────────────────────┼─────────┼─────────────────┤
│ clab-ml-17-H6-36 │ linux                        │ running │ 192.168.129.138 │
│                  │ busybox:latest               │         │ N/A             │
├──────────────────┼──────────────────────────────┼─────────┼─────────────────┤
│ clab-ml-17-H6-37 │ linux                        │ running │ 192.168.129.139 │
│                  │ busybox:latest               │         │ N/A             │
├──────────────────┼──────────────────────────────┼─────────┼─────────────────┤
│ clab-ml-17-H6-38 │ linux                        │ running │ 192.168.129.140 │
│                  │ busybox:latest               │         │ N/A             │
├──────────────────┼──────────────────────────────┼─────────┼─────────────────┤
│ clab-ml-17-H6-39 │ linux                        │ running │ 192.168.129.141 │
│                  │ busybox:latest               │         │ N/A             │
├──────────────────┼──────────────────────────────┼─────────┼─────────────────┤
│ clab-ml-17-H6-40 │ linux                        │ running │ 192.168.129.142 │
│                  │ busybox:latest               │         │ N/A             │
├──────────────────┼──────────────────────────────┼─────────┼─────────────────┤
│ clab-ml-17-H6-41 │ linux                        │ running │ 192.168.129.143 │
│                  │ busybox:latest               │         │ N/A             │
├──────────────────┼──────────────────────────────┼─────────┼─────────────────┤
│ clab-ml-17-H6-42 │ linux                        │ running │ 192.168.129.144 │
│                  │ busybox:latest               │         │ N/A             │
├──────────────────┼──────────────────────────────┼─────────┼─────────────────┤
│ clab-ml-17-H6-43 │ linux                        │ running │ 192.168.129.145 │
│                  │ busybox:latest               │         │ N/A             │
├──────────────────┼──────────────────────────────┼─────────┼─────────────────┤
│ clab-ml-17-H6-44 │ linux                        │ running │ 192.168.129.146 │
│                  │ busybox:latest               │         │ N/A             │
├──────────────────┼──────────────────────────────┼─────────┼─────────────────┤
│ clab-ml-17-H6-45 │ linux                        │ running │ 192.168.129.147 │
│                  │ busybox:latest               │         │ N/A             │
├──────────────────┼──────────────────────────────┼─────────┼─────────────────┤
│ clab-ml-17-H6-46 │ linux                        │ running │ 192.168.129.148 │
│                  │ busybox:latest               │         │ N/A             │
├──────────────────┼──────────────────────────────┼─────────┼─────────────────┤
│ clab-ml-17-H6-47 │ linux                        │ running │ 192.168.129.149 │
│                  │ busybox:latest               │         │ N/A             │
├──────────────────┼──────────────────────────────┼─────────┼─────────────────┤
│ clab-ml-17-H6-48 │ linux                        │ running │ 192.168.129.150 │
│                  │ busybox:latest               │         │ N/A             │
├──────────────────┼──────────────────────────────┼─────────┼─────────────────┤
│ clab-ml-17-H6-49 │ linux                        │ running │ 192.168.129.151 │
│                  │ busybox:latest               │         │ N/A             │
├──────────────────┼──────────────────────────────┼─────────┼─────────────────┤
│ clab-ml-17-H6-50 │ linux                        │ running │ 192.168.129.152 │
│                  │ busybox:latest               │         │ N/A             │
├──────────────────┼──────────────────────────────┼─────────┼─────────────────┤
│ clab-ml-17-L1    │ linux                        │ running │ 192.168.128.101 │
│                  │ quay.io/frrouting/frr:10.6.1 │         │ N/A             │
├──────────────────┼──────────────────────────────┼─────────┼─────────────────┤
│ clab-ml-17-L2    │ linux                        │ running │ 192.168.128.102 │
│                  │ quay.io/frrouting/frr:10.6.1 │         │ N/A             │
├──────────────────┼──────────────────────────────┼─────────┼─────────────────┤
│ clab-ml-17-L3    │ linux                        │ running │ 192.168.128.103 │
│                  │ quay.io/frrouting/frr:10.6.1 │         │ N/A             │
├──────────────────┼──────────────────────────────┼─────────┼─────────────────┤
│ clab-ml-17-L4    │ linux                        │ running │ 192.168.128.104 │
│                  │ quay.io/frrouting/frr:10.6.1 │         │ N/A             │
├──────────────────┼──────────────────────────────┼─────────┼─────────────────┤
│ clab-ml-17-L5    │ linux                        │ running │ 192.168.128.105 │
│                  │ quay.io/frrouting/frr:10.6.1 │         │ N/A             │
├──────────────────┼──────────────────────────────┼─────────┼─────────────────┤
│ clab-ml-17-L6    │ linux                        │ running │ 192.168.128.106 │
│                  │ quay.io/frrouting/frr:10.6.1 │         │ N/A             │
├──────────────────┼──────────────────────────────┼─────────┼─────────────────┤
│ clab-ml-17-S1    │ linux                        │ running │ 192.168.128.107 │
│                  │ quay.io/frrouting/frr:10.6.1 │         │ N/A             │
├──────────────────┼──────────────────────────────┼─────────┼─────────────────┤
│ clab-ml-17-S2    │ linux                        │ running │ 192.168.128.108 │
│                  │ quay.io/frrouting/frr:10.6.1 │         │ N/A             │
╰──────────────────┴──────────────────────────────┴─────────┴─────────────────╯

Initial configuration skipped, run 'netlab initial' to configure the devices
